"vote88","pri82","pan82","novote82","deathok","forinvok","limimp","paydebt","keepind","polint","auth","natecon","futecok","persecon","futperok","school","age","female","prof","working","union","townsize","north","south","zmgm","religion","pristr","othcok","othsocok","ratemdm","traitmjc","traitccs","one"
2,0,0,0,2,3,3,3,3,1,3,2,1,2,4,3,30,0,0,0,1,4,1,0,0,3,1,3,2,1,0,0,1
2,0,0,0,3,3,3,3,3,2,2,3,1,3,4,6,22,0,0,0,0,4,1,0,0,1,3,3,1,7,4,0,1
3,1,0,0,1,3,1,3,3,1,4,1,2,3,3,7,32,1,0,0,0,4,1,0,0,5,1,3,1,4,0,4,1
1,1,0,0,1,3,1,3,2,1,1,1,1,1,1,1,55,0,0,1,1,4,1,0,0,2,2,3,2,1,0,2,1
3,0,1,0,3,3,1,3,1,4,2,1,2,2,2,3,57,0,0,0,0,4,1,0,0,1,1,3,1,1,0,4,1
3,0,0,0,3,3,3,3,3,2,4,4,1,2,3,6,21,0,0,1,0,4,1,0,0,1,2,1,2,7,0,0,1
1,1,0,0,3,3,1,3,1,3,3,3,3,2,2,8,53,1,0,0,0,4,1,0,0,6,3,1,1,10,1,1,1
1,1,0,0,1,3,1,3,1,4,3,2,2,2,1,5,37,1,0,0,0,4,1,0,0,6,2,2,2,6,0,1,1
3,0,0,0,1,3,1,1,3,2,3,2,2,2,3,6,24,0,0,0,1,4,1,0,0,5,2,3,2,4,0,2,1
1,0,0,1,1,3,1,3,3,3,3,3,2,3,3,8,37,0,1,0,0,4,1,0,0,1,3,3,2,9,0,0,1
3,0,0,1,3,3,1,3,1,1,3,1,3,3,2,4,32,1,0,0,0,4,1,0,0,5,1,3,2,6,0,3,1
3,1,0,0,3,3,3,3,1,3,3,2,3,2,4,5,35,1,0,0,0,4,1,0,0,5,1,3,2,5,0,2,1
2,0,0,1,1,1,3,3,3,4,1,2,3,3,4,9,35,0,1,0,0,4,1,0,0,4,1,3,1,8,3,0,1
3,0,0,1,1,1,3,1,3,1,1,2,1,3,2,2,35,1,0,0,0,4,1,0,0,5,3,2,1,5,0,1,1
3,1,0,0,1,1,3,1,3,3,3,2,2,2,3,9,27,1,0,0,0,4,1,0,0,4,1,3,1,5,0,2,1
1,1,0,0,3,3,3,1,1,1,3,1,2,3,3,5,26,1,0,0,1,4,1,0,0,2,2,2,1,9,0,0,1
1,1,0,0,1,3,3,3,1,1,3,1,2,3,2,3,34,1,0,1,0,4,1,0,0,5,3,2,1,7,0,0,1
1,0,1,0,3,1,1,3,3,4,3,3,1,3,4,5,29,0,0,0,0,4,1,0,0,4,2,2,1,8,0,0,1
1,0,0,1,1,3,3,3,1,2,3,2,2,3,5,3,25,1,0,0,0,4,1,0,0,6,3,2,1,10,0,0,1
3,0,1,0,3,3,1,1,1,1,1,2,2,3,4,9,47,0,1,0,0,4,1,0,0,5,1,3,2,5,1,2,1
1,0,0,0,3,3,1,3,1,3,2,2,2,3,4,8,19,0,0,0,0,4,1,0,0,4,1,2,2,8,0,1,1
1,0,0,1,1,3,1,1,1,3,3,1,3,2,3,2,50,0,0,0,1,4,1,0,0,4,2,2,1,9,0,0,1
1,1,0,0,1,3,3,3,3,4,3,3,3,3,4,3,27,0,0,1,0,4,1,0,0,5,2,3,2,9,0,2,1
3,0,0,1,1,3,1,3,1,3,2,2,2,3,4,7,44,0,1,0,0,4,1,0,0,5,1,3,2,5,0,1,1
1,1,0,0,1,3,3,3,3,2,2,2,3,3,4,6,46,0,0,0,0,4,1,0,0,3,3,2,1,7,0,0,1
2,0,1,0,3,1,3,1,1,3,1,2,1,2,1,4,54,0,0,0,0,4,1,0,0,4,1,2,2,4,0,3,1
2,0,0,0,1,3,1,3,3,2,2,2,2,3,3,5,20,0,0,0,0,4,1,0,0,1,1,3,1,5,0,0,1
3,1,0,0,1,3,1,3,3,2,3,3,3,3,4,5,29,1,0,0,0,4,1,0,0,5,1,2,1,6,0,4,1
3,0,0,0,3,3,3,3,1,4,3,3,1,2,5,3,33,0,0,0,1,4,1,0,0,2,1,3,1,5,2,1,1
1,1,0,0,1,1,1,1,3,1,2,3,2,3,4,5,29,1,0,0,0,4,1,0,0,5,2,1,1,1,0,0,1
1,1,0,0,3,3,1,1,1,1,4,2,2,3,4,6,32,1,0,0,0,4,1,0,0,5,3,2,1,7,0,1,1
3,1,0,0,3,3,1,3,1,3,3,2,2,3,3,5,40,0,0,1,0,4,1,0,0,2,2,2,1,7,1,1,1
1,1,0,0,1,3,1,3,1,2,3,3,2,3,4,7,26,0,0,0,0,4,1,0,0,5,3,2,1,9,0,0,1
1,0,0,0,3,3,1,3,1,4,1,2,3,3,4,6,23,1,0,0,0,4,1,0,0,3,2,1,1,8,0,0,1
3,0,1,0,3,1,1,1,3,4,2,2,3,2,4,7,37,0,0,0,0,4,1,0,0,2,1,3,1,8,0,3,1
2,0,0,0,1,3,3,3,1,3,3,2,2,3,3,5,54,0,0,1,0,4,1,0,0,5,1,3,2,3,2,0,1
2,0,1,0,1,3,1,3,1,4,4,2,2,3,3,5,49,0,0,0,0,4,1,0,0,5,1,3,1,5,3,0,1
3,0,0,1,1,3,1,3,1,4,4,2,3,3,3,2,57,0,0,0,0,4,1,0,0,1,1,2,1,8,0,2,1
1,1,0,0,1,3,1,3,1,4,3,3,3,3,5,9,36,0,1,0,1,4,1,0,0,5,3,2,1,10,0,0,1
1,1,0,0,3,3,1,3,1,4,4,2,3,2,3,2,29,1,0,0,0,4,1,0,0,6,3,3,2,6,0,0,1
1,1,0,0,1,3,3,3,3,4,2,1,1,3,4,7,44,1,0,0,0,4,1,0,0,3,1,3,2,7,0,1,1
1,1,0,0,1,3,3,3,1,3,2,3,3,3,4,9,37,0,1,0,0,4,1,0,0,2,2,3,2,8,0,0,1
1,1,0,0,3,1,3,1,3,2,3,2,3,3,4,3,28,1,0,0,0,4,1,0,0,5,3,2,2,6,0,1,1
3,1,0,0,1,3,3,1,3,2,4,2,2,3,3,7,26,0,0,0,1,4,1,0,0,5,1,2,1,5,0,4,1
2,1,0,0,1,3,1,3,1,2,2,2,3,2,4,8,53,0,0,0,0,4,1,0,0,6,2,3,1,10,3,0,1
1,1,0,0,1,3,3,3,1,3,4,2,3,2,3,4,54,0,1,0,1,4,1,0,0,5,2,3,2,9,0,1,1
2,0,1,0,2,3,1,3,1,2,3,3,3,2,4,5,29,0,0,0,0,4,1,0,0,3,1,3,2,8,3,0,1
2,0,0,1,3,3,1,3,1,2,3,2,1,3,4,9,24,1,0,0,1,3,1,0,0,3,1,2,2,6,2,0,1
1,1,0,0,3,1,3,3,3,1,2,1,2,3,3,7,26,1,0,0,0,3,1,0,0,4,2,3,2,8,0,0,1
1,0,0,0,1,3,1,3,1,2,2,1,2,3,4,8,18,1,0,0,0,3,1,0,0,5,1,3,1,8,0,0,1
1,0,0,0,1,3,3,3,1,3,2,3,3,3,4,7,23,0,0,0,0,3,1,0,0,3,2,1,1,8,0,0,1
2,0,0,1,3,3,1,3,3,1,3,2,1,3,4,8,30,0,1,0,0,3,1,0,0,1,1,3,2,2,3,0,1
1,1,0,0,1,3,3,3,1,4,2,2,3,3,4,7,26,0,0,0,0,3,1,0,0,3,3,1,1,10,0,0,1
3,0,0,1,3,3,3,3,1,2,3,2,1,3,3,8,29,1,0,0,0,3,1,0,0,5,1,3,1,3,0,3,1
2,0,1,0,3,3,3,3,1,2,2,2,3,2,4,9,50,0,1,0,0,3,1,0,0,2,1,1,1,9,0,0,1
1,1,0,0,1,3,1,3,1,3,1,2,1,3,4,5,58,1,0,0,0,3,1,0,0,3,1,1,1,6,0,0,1
3,1,0,0,1,3,1,3,1,4,3,1,1,2,3,3,57,0,0,0,0,3,1,0,0,5,1,3,2,4,0,4,1
1,1,0,0,1,3,1,3,1,1,3,2,3,3,3,4,29,1,0,0,0,3,1,0,0,5,3,2,1,8,0,0,1
2,0,0,0,1,3,1,3,1,2,3,2,1,2,3,2,21,1,0,0,0,3,1,0,0,3,1,3,1,6,3,0,1
2,0,1,0,1,3,1,3,1,3,2,2,1,2,2,3,42,0,0,0,0,3,1,0,0,4,1,3,1,8,1,2,1
3,1,0,0,3,1,3,1,1,1,4,2,3,2,3,4,36,1,0,0,0,3,1,0,0,6,1,3,2,5,0,2,1
3,0,0,1,1,3,3,1,3,1,3,2,1,2,2,6,25,1,0,0,0,3,1,0,0,3,1,3,2,6,0,4,1
2,0,0,0,3,2,3,1,1,1,3,2,1,2,3,8,21,0,0,0,1,1,1,0,0,3,1,3,1,6,4,0,1
3,0,1,0,3,3,1,1,1,2,3,1,1,2,3,4,29,0,0,1,1,1,1,0,0,5,2,3,2,4,0,4,1
2,0,0,0,2,1,3,3,1,4,2,1,1,2,3,7,23,0,0,0,0,1,1,0,0,3,1,3,2,6,4,0,1
1,0,0,0,2,3,3,3,1,3,1,2,3,2,4,8,19,0,0,0,0,1,1,0,0,3,3,3,1,6,0,0,1
2,0,1,0,1,3,1,3,1,4,2,2,1,2,2,2,60,0,0,0,0,1,1,0,0,2,1,3,2,5,4,0,1
3,0,0,0,1,3,3,3,1,1,4,1,1,3,3,5,36,0,0,0,0,1,1,0,0,1,1,3,1,5,0,4,1
3,1,0,0,1,3,3,1,1,4,2,1,1,2,4,5,39,0,0,0,0,1,1,0,0,2,2,3,1,5,0,4,1
3,0,0,0,1,3,1,3,1,1,3,2,1,2,5,4,40,1,0,0,0,1,1,0,0,3,2,2,2,2,1,3,1
2,0,0,0,1,3,1,3,1,4,4,2,1,3,5,8,23,0,0,0,1,1,1,0,0,3,2,3,2,1,4,0,1
2,0,0,0,1,1,3,1,3,3,4,2,2,2,3,4,24,0,0,0,0,1,1,0,0,3,1,3,1,4,2,0,1
2,1,0,0,1,3,1,3,3,3,3,2,2,3,3,2,54,0,0,0,0,4,1,0,0,3,1,3,1,8,0,3,1
1,1,0,0,3,1,1,1,3,4,2,2,3,2,4,5,36,0,0,0,0,4,1,0,0,3,3,1,2,10,0,0,1
2,0,0,0,1,3,1,3,3,3,2,2,1,3,2,7,21,1,0,0,0,4,1,0,0,5,2,3,1,6,0,2,1
2,0,1,0,1,3,3,1,1,4,3,1,1,3,5,7,24,1,0,0,0,4,1,0,0,1,3,3,2,3,4,0,1
1,1,0,0,3,3,1,3,1,3,3,1,3,3,4,9,36,1,1,0,1,4,1,0,0,3,2,2,2,9,0,2,1
1,1,0,0,1,3,1,1,3,4,3,2,3,3,3,7,29,1,0,0,1,4,1,0,0,5,2,1,1,8,0,0,1
2,0,1,0,3,1,1,1,1,2,2,1,2,3,3,7,19,0,0,0,0,4,1,0,0,5,1,2,1,5,3,0,1
3,0,0,0,3,2,3,2,2,2,2,1,1,1,1,9,49,0,1,0,0,4,1,0,0,2,1,3,2,4,0,0,1
2,1,0,0,1,2,1,3,2,2,2,1,2,3,3,3,23,1,0,0,0,4,1,0,0,2,2,2,2,1,3,0,1
2,0,1,0,3,3,1,1,1,1,4,2,2,3,5,4,25,0,0,1,0,4,1,0,0,3,1,3,1,10,0,0,1
2,0,1,0,1,3,3,1,1,4,4,2,1,3,5,7,30,0,0,0,0,4,1,0,0,2,1,3,2,5,4,0,1
1,0,0,1,1,3,3,3,1,4,4,2,2,3,3,9,32,0,1,0,0,4,1,0,0,2,2,2,2,8,1,1,1
2,1,0,0,3,3,1,3,1,4,1,1,3,3,5,9,29,0,1,0,0,4,1,0,0,5,1,3,2,6,2,0,1
1,1,0,0,3,3,1,3,2,4,4,2,2,3,3,3,59,1,0,0,0,4,1,0,0,4,2,1,1,8,0,0,1
1,0,0,1,1,1,1,3,3,2,2,2,2,3,4,5,19,1,0,0,0,4,1,0,0,5,3,2,1,9,0,0,1
2,0,0,1,1,3,1,3,2,1,3,1,1,3,2,7,20,0,0,0,0,4,1,0,0,4,3,2,1,6,4,0,1
2,0,1,0,1,1,3,3,1,2,3,1,1,2,2,5,39,1,0,0,0,3,1,0,0,6,1,3,2,3,2,1,1
1,0,0,0,3,1,2,3,1,1,3,2,2,3,3,8,20,1,0,0,1,3,1,0,0,4,2,2,1,8,0,0,1
1,1,0,0,1,2,2,3,1,4,3,3,2,3,3,2,50,0,0,1,0,3,1,0,0,2,3,1,1,10,0,0,1
1,0,0,0,1,2,3,3,2,2,2,2,2,3,2,6,22,1,0,0,0,3,1,0,0,6,3,1,1,7,0,0,1
2,0,1,0,1,1,3,3,3,1,3,2,2,2,3,2,60,1,0,0,0,3,1,0,0,6,1,3,2,8,3,1,1
1,0,0,1,3,2,1,3,3,2,4,2,2,3,4,5,30,0,0,0,1,3,1,0,0,2,3,2,1,7,0,0,1
2,0,1,0,1,2,3,1,1,4,3,1,1,3,1,7,54,1,0,0,1,3,1,0,0,4,1,3,1,2,4,0,1
1,1,0,0,3,3,1,3,3,4,2,2,3,2,4,7,27,0,0,1,0,3,1,0,0,3,1,2,1,3,0,1,1
1,0,0,0,1,1,3,3,3,2,3,3,2,3,5,7,20,0,0,0,0,3,1,0,0,5,2,3,2,10,0,3,1
1,1,0,0,1,3,1,3,3,4,1,1,3,2,4,5,48,1,0,0,1,3,1,0,0,2,3,1,1,8,0,0,1
3,1,0,0,1,3,1,1,3,4,2,3,3,3,5,7,44,1,1,0,1,3,1,0,0,3,2,2,1,9,0,1,1
2,0,1,0,1,2,2,3,3,2,3,2,1,2,4,2,54,1,0,0,0,3,1,0,0,6,2,3,1,2,1,0,1
1,1,0,0,1,2,1,3,1,4,2,2,2,3,4,9,32,0,0,1,1,3,1,0,0,4,3,2,2,8,0,1,1
1,1,0,0,1,1,1,3,3,4,2,2,1,2,2,5,30,0,0,1,0,3,1,0,0,5,3,1,1,10,1,0,1
2,1,0,0,1,3,1,3,3,2,2,3,3,3,4,4,30,0,0,1,0,3,1,0,0,3,1,3,2,8,0,1,1
1,1,0,0,1,3,1,3,1,2,3,3,3,3,4,2,59,0,0,1,1,3,1,0,0,2,3,3,1,10,0,0,1
2,0,0,1,1,3,1,3,1,3,4,1,1,3,4,9,23,1,1,0,1,3,1,0,0,5,1,3,2,8,2,0,1
1,1,0,0,3,3,3,3,3,4,3,2,3,3,4,3,39,1,0,0,0,3,1,0,0,6,3,2,1,9,0,0,1
1,1,0,0,1,3,3,1,1,3,4,3,3,3,4,7,37,0,1,0,1,3,1,0,0,3,2,3,1,9,0,1,1
2,0,0,1,3,1,3,3,1,2,3,1,1,2,4,2,32,1,0,0,0,3,1,0,0,4,1,3,1,2,4,0,1
2,0,1,0,3,3,1,1,3,4,2,1,1,3,2,4,31,1,0,0,1,3,1,0,0,4,1,3,2,1,2,2,1
1,0,0,1,1,3,3,3,1,3,3,2,2,3,4,8,21,0,0,0,1,3,1,0,0,5,1,2,1,6,1,1,1
1,1,0,0,1,3,3,3,2,2,2,2,1,3,2,5,24,0,0,0,1,3,1,0,0,4,1,1,1,4,0,0,1
2,0,1,0,3,1,1,3,1,1,2,2,1,3,2,4,28,1,0,0,1,3,1,0,0,2,1,3,1,1,3,0,1
2,0,0,1,3,3,1,3,1,2,3,3,1,3,4,5,27,1,1,0,1,3,1,0,0,2,1,3,1,5,0,0,1
1,1,0,0,3,3,3,3,1,3,4,2,2,3,3,5,52,1,0,0,1,3,1,0,0,6,2,2,1,6,0,1,1
1,0,0,1,3,1,3,3,1,2,3,3,1,3,4,5,21,0,0,0,0,3,1,0,0,5,2,2,1,7,1,0,1
1,1,0,0,2,3,1,1,3,4,3,2,3,3,4,4,27,0,0,0,0,3,1,0,0,2,3,3,1,5,0,0,1
2,0,1,0,3,1,3,3,1,4,3,1,1,3,1,6,40,1,0,0,1,3,1,0,0,5,1,3,2,6,3,1,1
1,1,0,0,1,3,3,3,1,3,3,2,2,3,2,5,28,0,0,0,1,3,1,0,0,2,3,1,1,10,0,0,1
2,0,1,0,1,3,1,3,1,1,2,1,3,3,4,9,24,0,0,1,0,3,1,0,0,2,1,3,2,2,4,0,1
1,1,0,0,1,2,3,3,3,2,3,2,1,3,2,5,28,1,0,1,1,1,1,0,0,3,1,3,1,6,0,1,1
2,0,0,1,1,1,3,1,2,3,3,1,2,2,2,7,19,1,0,0,0,1,1,0,0,1,1,3,1,5,2,1,1
2,0,1,0,1,1,3,3,1,1,3,2,1,3,5,9,27,1,0,0,1,1,1,0,0,2,1,3,2,6,3,0,1
1,1,0,0,3,1,3,1,1,1,3,1,2,1,3,5,48,1,0,0,0,1,1,0,0,2,2,1,1,5,0,0,1
1,1,0,0,1,3,1,3,3,1,2,3,3,3,4,6,38,0,0,0,0,1,1,0,0,2,3,1,1,10,0,0,1
1,1,0,0,1,3,1,1,3,2,3,2,2,2,4,2,45,0,0,1,1,1,1,0,0,5,1,3,1,10,0,0,1
1,1,0,0,3,2,3,3,3,3,2,2,3,3,4,5,33,1,1,0,1,1,1,0,0,2,3,2,1,8,0,0,1
1,1,0,0,1,2,3,3,3,4,2,2,2,3,3,4,25,1,0,0,1,1,1,0,0,2,3,1,1,10,0,0,1
2,1,0,0,2,3,3,3,1,2,2,1,1,1,4,4,38,0,0,1,1,1,1,0,0,3,2,2,1,1,2,1,1
2,0,0,1,1,1,1,1,3,3,2,2,1,2,3,2,23,0,0,0,0,1,1,0,0,2,2,3,1,1,4,0,1
1,0,0,1,3,1,3,1,1,2,2,2,1,2,4,5,18,0,0,1,0,1,1,0,0,3,2,2,2,8,0,0,1
2,0,0,1,3,1,3,1,3,3,3,2,1,2,2,3,44,0,0,0,0,1,1,0,0,3,1,3,2,5,1,0,1
2,0,0,1,1,1,2,3,2,2,2,2,2,3,3,3,26,1,0,0,0,2,1,0,0,6,3,2,2,9,0,0,1
2,1,0,0,1,1,1,1,1,1,3,2,2,3,4,5,31,1,0,0,0,2,1,0,0,2,1,3,2,7,2,1,1
2,0,0,0,1,2,1,3,3,2,3,2,1,2,3,5,18,0,0,1,0,2,1,0,0,5,2,3,2,8,0,0,1
2,1,0,0,1,3,1,3,1,2,2,3,3,3,4,9,24,0,1,0,0,2,1,0,0,5,1,3,1,9,2,1,1
1,0,1,0,1,1,3,3,1,2,2,2,2,2,4,7,24,1,1,0,1,2,1,0,0,5,1,2,1,8,0,0,1
1,1,0,0,1,3,1,1,3,3,2,1,1,3,2,3,35,1,0,0,1,2,1,0,0,2,3,1,1,9,0,0,1
1,0,0,0,1,3,1,3,1,2,3,2,2,2,4,6,20,1,0,0,0,2,1,0,0,5,2,3,1,9,0,2,1
2,0,1,0,1,1,1,1,1,2,3,2,2,3,3,9,28,0,0,0,0,2,1,0,0,4,1,3,2,5,3,0,1
1,0,0,1,1,1,1,3,1,2,3,1,2,3,5,2,43,1,0,0,0,2,1,0,0,3,3,3,1,6,0,0,1
1,1,0,0,3,3,3,1,3,3,2,2,1,3,2,3,30,1,0,0,0,2,1,0,0,5,1,3,1,8,0,3,1
2,1,0,0,1,3,3,3,2,3,2,2,1,3,4,6,32,1,0,0,1,2,1,0,0,1,1,2,1,6,3,0,1
2,1,0,0,1,1,1,1,3,2,3,1,2,2,2,2,44,0,0,1,0,2,1,0,0,5,1,2,1,9,0,3,1
1,1,0,0,1,3,1,1,3,2,3,1,2,2,1,2,49,1,0,0,0,2,1,0,0,4,3,2,1,7,0,0,1
1,0,0,1,1,3,1,3,3,2,3,3,1,3,2,4,21,0,0,1,0,2,1,0,0,5,2,2,2,9,0,0,1
3,1,0,0,3,1,3,1,1,3,3,1,1,1,1,2,48,1,0,0,0,2,1,0,0,6,2,1,2,5,0,0,1
1,1,0,0,1,1,1,3,3,2,3,2,2,2,4,3,26,0,0,0,0,1,1,0,0,3,3,2,2,8,0,0,1
1,1,0,0,3,3,1,3,3,4,2,3,2,3,4,2,35,1,0,0,0,1,1,0,0,4,2,2,1,10,0,0,1
1,1,0,0,2,3,1,3,2,2,3,3,2,2,4,3,31,1,0,0,0,1,1,0,0,5,3,2,2,9,0,0,1
1,1,0,0,1,3,3,3,3,3,2,3,1,3,4,5,23,0,0,1,0,1,1,0,0,4,1,2,2,8,0,0,1
2,0,1,0,3,3,3,3,3,3,2,2,2,3,3,4,30,1,0,0,0,1,1,0,0,4,1,3,2,8,2,0,1
1,1,0,0,1,1,1,1,1,1,2,2,2,2,1,1,59,0,0,0,0,1,1,0,0,3,1,2,2,6,0,0,1
1,0,0,1,1,3,3,2,2,2,2,2,1,1,4,3,60,0,0,0,0,5,1,0,0,4,3,1,1,8,0,0,1
1,0,0,1,3,3,3,3,1,3,4,2,2,3,4,3,47,1,0,0,0,5,1,0,0,5,2,2,1,7,0,0,1
1,0,0,1,1,3,1,2,1,3,4,1,2,3,4,6,37,1,0,0,0,5,1,0,0,5,1,3,1,6,0,0,1
1,1,0,0,2,3,1,3,1,3,1,2,3,3,4,9,60,0,0,0,0,5,1,0,0,5,3,3,1,8,0,0,1
2,0,1,0,3,3,3,3,1,4,1,1,2,1,4,7,58,0,1,0,0,5,1,0,0,5,1,3,1,5,4,0,1
3,0,0,0,3,3,3,2,1,2,1,2,2,2,2,8,21,0,0,0,0,5,1,0,0,2,1,3,1,8,0,3,1
1,1,0,0,1,3,1,3,1,2,3,4,2,4,3,3,53,1,0,0,0,5,1,0,0,5,3,2,1,8,0,0,1
1,1,0,0,1,3,1,3,1,1,3,2,1,2,4,7,45,1,0,0,0,5,1,0,0,5,2,2,2,5,0,0,1
1,1,0,0,1,3,1,3,1,4,3,2,3,2,4,2,45,1,0,0,0,5,1,0,0,5,1,3,1,6,1,1,1
1,1,0,0,2,3,3,3,1,2,2,2,2,3,3,7,35,1,0,0,0,5,1,0,0,3,2,2,2,8,0,1,1
3,0,0,0,1,3,1,3,3,3,1,1,1,3,4,7,22,0,0,0,0,5,1,0,0,4,1,3,2,7,0,2,1
3,1,0,0,1,3,2,3,2,1,2,3,2,3,4,6,28,0,0,1,0,5,1,0,0,3,2,1,1,10,0,2,1
1,1,0,0,3,3,1,3,1,3,3,3,2,3,5,5,36,1,0,1,0,5,1,0,0,5,3,1,1,9,0,0,1
2,0,1,0,1,3,3,3,3,3,2,2,1,3,4,7,26,0,0,0,0,5,1,0,0,2,1,3,2,7,4,0,1
2,0,0,0,1,3,3,3,1,4,4,2,3,3,4,7,30,0,1,0,1,5,1,0,0,5,1,3,2,9,1,2,1
1,1,0,0,1,1,3,3,3,3,2,2,2,3,3,9,50,0,1,0,0,5,1,0,0,5,3,1,1,8,0,0,1
2,0,0,0,1,3,3,3,3,3,3,2,2,3,4,6,18,1,0,0,0,5,1,0,0,2,2,3,2,8,2,0,1
2,0,0,1,3,3,3,3,1,4,4,2,2,3,3,7,39,1,0,0,0,5,1,0,0,5,1,3,2,6,3,0,1
2,0,0,0,1,3,1,1,1,4,1,2,2,3,4,8,20,0,0,0,0,5,1,0,0,5,2,3,1,8,2,1,1
1,1,0,0,3,3,3,3,1,1,2,3,3,2,3,7,51,0,0,0,0,5,1,0,0,5,2,1,1,10,0,0,1
3,0,0,0,1,2,1,2,3,2,3,2,2,3,3,5,23,1,0,0,0,5,1,0,0,3,3,2,2,1,0,0,1
1,1,0,0,1,3,1,3,3,2,3,2,2,3,5,3,50,0,0,0,1,5,1,0,0,6,3,1,1,10,0,0,1
1,0,0,0,3,1,3,3,2,3,2,2,2,2,4,5,20,1,0,0,0,5,1,0,0,3,2,2,1,9,0,0,1
1,0,0,0,3,1,3,3,2,2,2,3,3,3,4,6,19,1,0,0,0,5,1,0,0,5,3,2,1,10,0,0,1
2,0,0,0,3,3,1,1,1,4,2,3,1,3,3,8,20,0,0,0,0,5,1,0,0,1,1,3,2,5,4,0,1
1,1,0,0,3,3,3,3,1,1,2,2,2,3,2,5,36,0,0,0,0,5,1,0,0,2,2,1,1,8,0,0,1
1,1,0,0,3,3,1,3,1,3,3,2,3,3,3,7,58,1,0,0,0,5,1,0,0,3,3,1,1,10,0,0,1
2,0,1,0,1,3,3,3,1,2,3,2,3,3,3,9,40,0,1,0,1,5,1,0,0,6,2,3,1,7,2,0,1
2,0,1,0,1,3,1,3,2,4,2,1,1,2,3,6,50,0,0,1,1,5,1,0,0,5,1,3,2,1,2,2,1
1,0,0,1,1,3,3,3,1,2,3,2,2,3,5,5,30,0,1,0,0,5,1,0,0,2,1,2,1,8,0,0,1
1,0,1,0,1,3,3,1,1,4,3,2,3,3,4,5,25,1,0,0,0,5,1,0,0,5,3,2,1,10,0,0,1
2,1,0,0,1,1,3,3,3,2,3,2,1,1,3,2,52,0,0,0,0,5,1,0,0,2,1,3,2,1,2,0,1
1,0,1,0,1,3,3,1,1,4,3,3,3,3,4,5,43,1,0,0,0,5,1,0,0,5,1,3,1,8,0,1,1
1,1,0,0,1,3,1,3,3,3,4,2,3,3,5,5,35,1,0,0,0,5,1,0,0,6,3,1,2,8,0,0,1
1,0,0,1,3,3,3,3,3,4,3,1,1,1,3,6,25,1,0,0,0,5,1,0,0,1,2,2,1,7,2,2,1
1,1,0,0,2,3,1,3,2,1,3,2,2,3,4,3,29,0,0,0,0,3,1,0,0,5,2,3,2,10,0,0,1
1,0,0,1,2,2,1,1,1,3,4,3,2,3,3,3,34,1,0,0,0,3,1,0,0,5,2,1,1,10,0,1,1
1,1,0,0,3,3,1,1,1,2,2,2,3,3,4,7,46,1,0,0,0,3,1,0,0,5,1,2,2,8,0,0,1
1,0,0,0,1,3,3,3,1,4,2,3,3,3,3,7,21,1,0,0,1,3,1,0,0,3,3,2,2,10,0,0,1
1,1,0,0,1,3,1,3,1,3,3,2,3,3,4,7,39,0,0,0,0,3,1,0,0,4,3,1,1,10,0,0,1
1,0,0,0,1,3,1,3,1,4,2,2,3,2,4,8,19,0,0,0,0,3,1,0,0,3,3,1,1,8,0,0,1
2,1,0,0,1,3,3,1,1,2,2,2,1,1,3,2,49,1,0,0,0,3,1,0,0,4,1,3,2,6,3,0,1
3,1,0,0,2,3,1,3,1,1,4,2,2,3,5,9,59,0,1,0,0,3,1,0,0,2,1,3,1,6,1,3,1
1,0,1,0,1,3,1,3,1,4,2,2,1,3,4,9,29,0,1,0,0,3,1,0,0,2,2,2,1,6,3,0,1
3,0,0,0,3,1,3,1,3,2,2,2,1,2,4,4,23,1,0,0,0,1,1,0,0,5,1,3,1,6,0,4,1
1,1,0,0,1,3,1,3,1,4,4,2,3,3,4,5,31,0,0,0,0,1,1,0,0,2,3,1,1,9,0,0,1
1,1,0,0,1,3,1,3,1,4,3,2,2,3,5,8,44,0,0,0,0,1,1,0,0,6,3,1,1,8,1,1,1
1,1,0,0,1,3,3,3,1,1,3,1,2,1,3,5,29,1,0,0,1,1,1,0,0,5,3,3,1,6,2,0,1
1,1,0,0,1,3,1,3,3,3,3,2,3,3,4,5,30,0,0,0,0,1,1,0,0,4,3,1,1,10,0,0,1
3,1,0,0,1,2,1,3,3,3,2,2,1,2,2,3,50,0,0,0,0,1,1,0,0,3,1,3,1,6,0,4,1
1,1,0,0,1,3,3,3,1,2,2,3,3,3,4,7,32,1,0,0,0,1,1,0,0,5,3,1,1,8,0,0,1
3,1,0,0,1,3,3,3,1,1,3,2,1,3,4,6,27,1,0,0,0,1,1,0,0,5,1,3,1,6,0,3,1
1,0,0,0,3,1,1,3,3,3,2,2,1,3,4,7,22,0,0,0,0,1,1,0,0,3,3,1,2,7,0,0,1
1,0,0,0,3,3,3,3,3,3,2,2,1,2,4,4,23,1,0,0,0,1,1,0,0,5,2,2,1,8,0,0,1
1,1,0,0,1,3,1,3,1,3,2,2,3,2,4,3,42,1,0,0,0,1,1,0,0,6,3,1,1,8,0,0,1
1,1,0,0,3,3,1,3,2,2,3,1,3,2,5,2,34,1,0,0,0,4,1,0,0,5,3,2,1,10,0,0,1
1,1,0,0,1,3,1,3,1,3,2,3,3,3,5,7,27,1,1,0,1,4,1,0,0,3,3,1,1,10,0,0,1
1,1,0,0,1,3,3,3,1,3,3,3,2,3,4,1,45,0,0,0,0,4,1,0,0,2,3,1,1,9,0,0,1
1,1,0,0,1,2,1,1,1,3,2,2,3,3,3,7,40,0,0,0,1,4,1,0,0,4,2,3,1,8,1,0,1
2,0,0,0,3,3,2,2,1,4,2,2,2,3,4,8,42,0,0,1,1,4,1,0,0,2,1,3,2,8,1,0,1
1,0,0,0,3,1,3,3,3,2,2,2,1,3,1,8,23,1,0,0,0,4,1,0,0,4,2,2,2,7,0,0,1
2,0,1,0,1,1,1,3,1,4,3,2,2,3,1,9,34,1,0,0,0,4,1,0,0,4,1,3,2,8,3,0,1
2,0,1,0,1,1,1,1,1,3,3,2,3,3,4,2,48,0,0,1,0,4,1,0,0,4,1,3,2,6,0,4,1
1,1,0,0,1,1,1,1,3,4,3,3,3,3,4,4,26,1,0,0,0,4,1,0,0,5,1,1,1,10,0,0,1
1,1,0,0,1,1,1,3,1,2,3,3,2,2,2,9,50,1,1,0,1,4,1,0,0,6,3,1,1,8,0,0,1
2,0,0,0,1,3,1,1,1,1,2,3,2,3,4,6,20,1,0,0,0,4,1,0,0,5,3,3,1,8,2,0,1
2,0,0,1,1,3,1,3,3,4,3,2,3,2,3,3,36,0,0,0,1,4,1,0,0,2,3,2,2,8,0,0,1
2,1,0,0,1,1,1,3,3,2,3,2,3,2,4,6,26,0,0,1,0,4,1,0,0,5,3,3,1,9,2,0,1
2,0,1,0,3,3,1,3,3,1,3,1,3,3,4,3,30,0,0,1,0,4,1,0,0,5,2,3,1,9,2,0,1
1,1,0,0,1,3,1,3,1,2,3,2,1,3,4,7,32,0,0,0,0,2,1,0,0,2,1,3,2,9,1,0,1
1,1,0,0,3,2,1,1,2,2,2,2,1,3,4,2,53,1,0,0,0,2,1,0,0,4,1,2,1,10,0,0,1
2,0,1,0,3,1,3,3,3,2,2,1,3,3,4,9,28,0,1,0,0,2,1,0,0,2,1,3,1,6,0,0,1
2,0,0,0,3,2,1,1,2,1,2,1,1,3,2,5,35,1,0,0,0,2,1,0,0,5,1,3,1,5,0,3,1
2,0,0,0,1,3,3,3,1,1,2,2,1,2,4,6,23,0,0,1,0,2,1,0,0,1,2,2,2,5,4,0,1
1,1,0,0,3,2,1,3,3,3,3,2,1,3,2,9,31,0,1,0,0,2,1,0,0,5,1,2,2,6,0,2,1
1,1,0,0,1,2,3,3,3,2,2,3,2,3,2,7,40,0,0,0,1,2,1,0,0,2,2,2,2,10,0,0,1
1,1,0,0,1,3,1,3,3,4,2,3,2,3,3,3,34,1,0,0,1,2,1,0,0,6,2,1,1,8,0,0,1
1,1,0,0,1,1,1,3,1,1,3,2,1,3,5,5,39,1,0,0,1,2,1,0,0,5,3,1,1,9,0,0,1
1,0,1,0,1,2,1,3,3,2,3,2,2,3,2,3,51,1,0,0,0,2,1,0,0,5,2,2,2,8,1,0,1
1,0,0,0,1,3,1,3,1,3,2,2,2,3,4,8,20,1,0,0,0,2,1,0,0,3,2,3,2,5,1,0,1
1,0,0,1,3,3,3,3,3,2,2,2,1,3,4,6,27,1,0,0,0,2,1,0,0,4,2,3,2,8,0,0,1
1,0,0,1,3,2,1,1,3,1,3,3,3,3,4,7,27,1,0,0,1,2,1,0,0,5,3,3,1,9,0,0,1
1,1,0,0,3,3,3,3,3,3,2,2,3,3,4,8,40,0,0,0,0,2,1,0,0,4,3,2,1,9,0,0,1
1,1,0,0,3,3,3,3,3,3,3,2,3,2,2,5,43,0,0,1,0,2,1,0,0,4,2,2,1,10,0,3,1
2,0,0,1,1,1,1,3,1,3,3,2,1,3,4,7,25,1,0,0,0,2,1,0,0,3,1,3,2,3,4,0,1
1,0,0,1,1,3,1,3,1,4,3,1,3,1,5,8,38,0,0,0,0,2,1,0,0,2,1,3,2,5,2,0,1
1,0,0,0,3,1,3,3,1,2,3,2,2,3,3,7,23,0,1,0,1,2,1,0,0,5,2,3,1,8,1,0,1
1,1,0,0,3,1,3,1,3,3,3,2,2,2,3,7,25,1,1,0,1,2,1,0,0,3,2,2,1,8,1,0,1
1,1,0,0,1,1,1,3,3,3,3,2,2,3,4,7,25,0,0,0,0,2,1,0,0,3,2,3,2,2,0,3,1
2,1,0,0,1,1,1,2,3,1,3,2,1,2,2,3,31,1,0,0,0,1,1,0,0,2,3,2,1,8,2,0,1
1,1,0,0,3,3,1,3,3,2,3,2,2,3,2,9,33,1,1,0,1,1,1,0,0,4,1,3,2,8,0,0,1
2,0,0,0,3,3,3,1,1,2,4,2,1,2,3,7,30,0,0,0,0,1,1,0,0,2,1,3,1,1,3,0,1
1,1,0,0,3,2,2,3,2,2,3,2,3,2,3,2,58,0,0,1,1,1,1,0,0,3,2,2,1,8,0,0,1
2,1,0,0,3,3,3,3,1,3,1,3,2,3,4,3,60,1,0,0,0,4,1,0,0,5,1,3,2,9,2,0,1
1,1,0,0,1,3,1,3,1,3,1,2,3,1,4,7,46,0,0,0,0,4,1,0,0,5,3,1,1,10,0,0,1
1,1,0,0,3,3,1,3,1,4,2,2,2,2,4,7,45,0,0,0,0,4,1,0,0,5,2,2,1,5,1,0,1
1,0,0,0,3,2,3,3,1,4,3,3,2,3,3,5,20,1,0,0,0,4,1,0,0,3,2,2,1,8,0,1,1
1,0,0,1,1,3,1,3,1,3,2,3,1,2,2,9,36,0,0,0,0,4,1,0,0,2,2,1,1,6,0,0,1
1,0,0,0,1,3,1,3,3,3,2,2,1,3,4,3,45,1,0,0,1,4,1,0,0,5,1,2,1,9,1,0,1
1,1,0,0,1,3,1,3,1,2,3,3,3,3,5,5,22,0,0,1,0,4,1,0,0,5,3,3,2,9,0,0,1
1,0,0,0,1,1,3,1,3,3,3,3,2,3,4,5,18,1,0,0,1,4,1,0,0,5,2,2,2,10,0,0,1
3,0,0,0,1,3,1,3,2,1,2,2,1,3,4,8,23,0,0,0,0,4,1,0,0,2,2,3,1,5,4,0,1
2,0,1,0,3,2,3,3,2,1,2,2,1,2,4,2,49,1,0,0,0,4,1,0,0,5,2,1,2,8,4,0,1
1,1,0,0,1,3,1,3,1,4,1,2,3,3,5,9,39,0,1,0,0,4,1,0,0,6,3,2,2,8,2,0,1
2,0,0,1,3,3,1,3,1,3,3,1,1,3,4,7,40,0,0,0,0,4,1,0,0,5,1,3,1,9,0,0,1
2,0,1,0,3,3,2,3,1,2,2,3,1,2,2,6,30,0,0,0,0,4,1,0,0,3,1,2,1,6,1,0,1
1,1,0,0,1,3,3,3,1,4,2,3,3,3,4,9,40,0,1,0,1,3,1,0,0,1,3,1,1,10,0,0,1
1,0,0,0,1,3,3,2,1,2,2,3,3,3,4,8,20,0,0,0,0,3,1,0,0,1,3,1,1,10,0,0,1
1,1,0,0,3,1,3,1,1,2,3,3,1,2,4,3,29,1,0,0,0,3,1,0,0,5,2,2,1,5,0,4,1
1,1,0,0,1,3,1,1,1,3,1,3,2,3,3,7,38,1,0,0,0,3,1,0,0,5,2,2,2,8,0,0,1
1,1,0,0,1,3,3,1,3,2,2,3,2,3,2,4,36,0,0,0,1,3,1,0,0,3,3,1,1,8,0,0,1
1,1,0,0,1,1,3,1,2,2,4,1,1,3,2,5,41,1,0,0,1,3,1,0,0,5,2,3,2,8,0,4,1
1,1,0,0,3,1,1,3,3,3,1,2,2,3,3,2,56,0,0,0,0,3,1,0,0,5,2,1,1,7,0,0,1
2,0,0,1,1,3,1,3,3,1,3,3,3,3,4,4,20,1,0,0,0,3,1,0,0,5,3,3,1,8,1,0,1
1,1,0,0,3,1,3,1,3,4,2,3,3,3,4,9,27,0,1,0,0,3,1,0,0,5,3,3,1,10,0,0,1
3,1,0,0,1,3,3,3,1,1,2,2,1,3,4,5,30,0,0,1,1,3,1,0,0,2,3,1,1,5,0,2,1
3,0,0,1,3,2,3,3,3,1,3,2,1,3,5,3,34,1,0,0,0,3,1,0,0,3,1,2,1,10,0,2,1
1,0,0,0,3,3,3,3,1,3,2,2,3,3,4,6,20,0,0,0,0,3,1,0,0,2,3,1,1,9,2,0,1
2,0,0,0,1,3,3,1,3,3,2,2,2,3,3,8,21,0,0,0,0,3,1,0,0,3,2,2,2,8,2,0,1
3,0,0,0,1,1,1,3,3,3,3,2,3,2,5,6,18,0,0,0,0,3,1,0,0,1,3,3,2,7,0,3,1
1,1,0,0,3,1,3,1,1,4,4,2,1,2,1,5,58,0,0,1,1,3,1,0,0,1,1,3,1,8,0,4,1
2,0,0,1,3,3,3,3,2,1,1,2,2,3,3,8,30,0,0,0,1,3,1,0,0,2,2,3,2,8,1,0,1
1,1,0,0,1,2,3,1,1,1,2,2,1,2,2,2,55,1,0,0,0,1,1,0,0,4,3,2,1,10,0,4,1
1,1,0,0,3,1,1,1,1,2,2,2,2,3,4,8,47,1,0,0,0,1,1,0,0,5,2,2,2,5,0,0,1
1,1,0,0,1,2,3,3,3,1,2,2,3,3,4,4,55,1,0,0,0,1,1,0,0,1,2,1,1,10,0,0,1
3,0,0,0,1,3,3,3,3,3,2,3,2,2,3,8,22,0,0,0,0,1,1,0,0,2,3,3,2,8,0,0,1
1,1,0,0,3,3,3,3,3,1,3,3,2,3,3,2,51,0,0,1,0,1,1,0,0,4,2,2,2,7,0,1,1
1,1,0,0,3,1,3,1,3,3,3,2,2,3,3,5,50,1,0,0,0,1,1,0,0,6,2,1,1,8,0,1,1
1,0,0,0,1,3,3,3,3,2,3,2,2,3,5,8,18,0,0,0,0,1,1,0,0,3,2,2,1,8,0,0,1
1,0,0,0,1,3,1,1,3,3,2,1,2,2,4,6,22,0,0,1,0,1,1,0,0,1,1,3,2,8,3,0,1
2,1,0,0,1,1,1,3,3,2,2,3,2,3,3,7,21,0,0,1,0,1,1,0,0,5,2,2,2,8,4,0,1
1,1,0,0,3,1,3,3,3,2,3,2,2,3,2,7,24,0,1,0,0,1,1,0,0,3,3,1,2,8,0,0,1
3,0,0,1,1,3,3,1,3,2,3,3,3,3,5,4,29,0,0,0,0,1,1,0,0,4,2,3,2,9,0,0,1
1,1,0,0,1,3,2,3,3,3,2,2,2,4,3,9,34,0,1,0,0,4,1,0,0,4,2,2,1,8,0,0,1
1,1,0,0,1,3,3,1,1,2,4,1,1,3,4,8,23,0,1,0,0,4,1,0,0,3,3,3,1,8,0,1,1
1,1,0,0,1,2,1,3,3,2,1,2,2,3,3,3,60,0,0,0,0,4,1,0,0,4,2,2,2,9,0,1,1
1,1,0,0,3,3,1,3,1,2,2,3,3,3,4,9,34,0,1,0,0,4,1,0,0,4,3,1,1,7,0,1,1
1,1,0,0,3,1,1,3,1,1,2,2,3,3,2,1,45,1,0,0,1,4,1,0,0,5,2,2,2,1,0,0,1
1,1,0,0,3,3,1,1,1,3,2,3,2,3,3,9,38,0,1,0,0,4,1,0,0,3,3,1,1,8,0,0,1
1,1,0,0,3,3,1,1,1,4,2,2,3,3,4,9,36,0,1,0,0,4,1,0,0,5,3,1,1,8,0,0,1
1,1,0,0,1,3,1,1,3,1,1,2,2,3,4,7,60,1,0,0,0,4,1,0,0,6,3,1,2,9,0,0,1
1,1,0,0,3,3,3,3,1,4,4,2,2,4,5,8,23,1,0,0,0,4,1,0,0,4,2,2,1,7,0,0,1
1,1,0,0,1,3,3,3,3,2,2,2,2,4,5,9,34,0,1,0,0,4,1,0,0,5,3,2,1,9,0,0,1
1,1,0,0,2,3,1,1,3,3,2,1,1,3,2,9,32,1,1,0,1,4,1,0,0,2,3,2,1,8,0,0,1
1,0,0,1,3,3,1,3,1,3,2,3,2,3,4,7,18,0,0,0,0,4,1,0,0,5,3,1,1,8,0,0,1
1,1,0,0,3,3,1,3,3,4,2,3,2,3,4,7,24,0,0,0,1,4,1,0,0,5,3,1,1,8,0,0,1
1,1,0,0,2,3,3,3,1,2,3,2,1,3,4,2,37,1,0,0,1,4,1,0,0,5,2,1,2,7,0,0,1
2,1,0,0,1,3,1,3,1,2,1,2,2,3,4,2,47,0,0,0,0,4,1,0,0,5,1,3,2,10,1,0,1
1,1,0,0,1,3,1,3,3,1,3,1,2,3,3,2,48,1,0,0,1,4,1,0,0,3,3,2,1,10,4,0,1
3,1,0,0,3,1,3,3,3,2,1,2,1,3,1,3,27,1,0,0,0,4,1,0,0,6,2,3,2,9,0,3,1
1,1,0,0,1,3,2,2,1,4,4,3,3,3,3,9,42,1,1,0,1,4,1,0,0,1,2,1,1,10,0,0,1
3,1,0,0,3,3,1,3,1,2,3,2,2,3,4,3,33,1,0,0,0,4,1,0,0,5,2,3,1,10,0,1,1
3,0,1,0,3,1,3,1,1,4,2,1,3,3,4,2,60,0,0,0,1,4,1,0,0,1,1,3,1,5,0,3,1
3,0,0,1,3,3,1,2,1,3,2,2,1,2,3,3,28,1,0,0,0,4,1,0,0,5,1,3,2,8,0,4,1
1,0,0,1,1,3,1,3,1,3,3,2,2,3,2,6,29,1,0,0,0,4,1,0,0,4,1,1,1,8,1,2,1
3,0,0,0,1,1,3,3,3,2,3,2,2,3,3,3,52,1,0,0,1,4,1,0,0,5,1,3,1,5,1,1,1
3,1,0,0,1,3,3,3,3,4,3,2,2,3,4,5,41,1,0,0,0,4,1,0,0,5,2,3,1,9,0,1,1
1,0,0,1,1,3,1,3,1,2,1,1,1,3,4,5,47,0,0,0,0,4,1,0,0,5,1,3,2,6,2,0,1
3,1,0,0,1,3,1,3,1,4,2,1,2,3,2,9,42,0,1,0,1,4,1,0,0,2,1,3,1,7,0,4,1
1,1,0,0,1,1,3,3,1,3,3,2,3,3,3,9,37,0,1,0,1,4,1,0,0,2,1,1,1,6,0,0,1
2,1,0,0,1,1,1,3,1,2,3,2,1,2,4,5,40,0,0,0,1,4,1,0,0,2,1,2,2,5,3,0,1
1,1,0,0,1,3,1,3,3,2,2,2,3,3,2,5,29,1,0,0,1,4,1,0,0,5,2,2,1,1,0,0,1
1,0,0,0,1,3,3,3,1,3,2,2,2,3,5,6,18,1,0,0,0,4,1,0,0,5,2,1,1,8,2,0,1
3,0,1,0,1,3,3,3,1,3,3,2,1,3,2,4,34,1,0,0,1,4,1,0,0,1,1,3,2,8,0,4,1
1,1,0,0,1,3,3,3,2,3,3,3,3,3,3,2,29,0,0,0,0,4,1,0,0,5,2,1,1,9,0,0,1
1,1,0,0,3,3,3,3,1,2,2,3,3,3,5,5,29,0,0,0,0,4,1,0,0,2,2,2,1,10,0,0,1
1,1,0,0,1,2,3,3,2,3,2,2,3,3,4,5,30,0,0,1,1,4,1,0,0,2,2,2,1,10,0,0,1
1,1,0,0,3,2,3,3,3,2,3,2,1,2,3,8,29,0,0,0,1,4,1,0,0,4,3,2,2,7,0,1,1
2,0,0,1,1,3,3,3,1,2,3,3,1,3,3,3,56,1,0,0,0,4,1,0,0,5,1,1,1,7,1,0,1
1,0,0,0,3,3,3,3,1,4,3,3,3,3,4,7,22,1,0,0,0,4,1,0,0,3,2,3,1,6,0,0,1
1,1,0,0,1,3,3,3,3,3,3,3,3,3,5,9,35,0,1,0,1,4,1,0,0,2,3,3,1,8,0,0,1
1,1,0,0,3,3,1,3,1,3,3,1,1,3,4,5,40,0,0,0,0,4,1,0,0,1,1,2,2,5,0,2,1
1,0,0,1,1,1,1,3,1,2,2,4,3,4,5,5,24,1,0,0,1,4,1,0,0,4,3,3,2,10,0,0,1
1,1,0,0,3,2,1,3,1,1,4,1,2,2,4,9,26,0,1,0,1,4,1,0,0,5,1,3,2,6,0,4,1
1,0,0,0,1,3,3,3,1,3,2,3,3,3,4,8,19,0,0,0,0,4,1,0,0,5,2,1,1,9,0,0,1
1,0,0,0,1,3,1,3,1,3,2,2,3,3,5,8,22,1,0,0,0,4,1,0,0,5,1,1,1,8,1,0,1
1,1,0,0,1,3,1,3,1,3,3,3,3,3,4,8,42,0,0,0,0,4,1,0,0,5,3,1,2,8,0,0,1
2,1,0,0,1,3,3,3,1,2,3,2,1,3,2,9,42,1,0,0,0,4,1,0,0,6,1,2,2,7,1,1,1
1,1,0,0,3,1,3,2,3,1,3,4,3,3,5,9,20,0,1,0,1,4,1,0,0,5,3,1,1,7,0,0,1
3,0,1,0,3,3,1,3,3,3,2,1,2,2,3,6,27,0,0,1,0,4,0,0,0,3,2,3,2,9,0,4,1
3,0,1,0,3,3,3,3,3,3,2,3,2,2,4,5,32,1,0,0,0,4,0,0,0,4,2,3,2,8,0,3,1
1,1,0,0,3,3,1,3,1,4,2,2,2,2,4,9,60,1,1,0,1,4,0,0,0,6,3,1,1,9,0,0,1
1,0,0,0,2,3,1,3,3,3,3,2,1,3,4,6,18,0,0,0,0,4,0,0,0,3,2,2,2,7,0,0,1
1,1,0,0,3,3,3,3,1,3,3,3,1,3,3,9,28,0,1,0,1,4,0,0,0,2,1,1,1,8,1,0,1
1,0,0,0,3,1,3,3,3,3,3,1,1,3,4,8,20,1,0,0,0,4,0,0,0,4,3,3,1,7,0,0,1
1,1,0,0,1,3,1,3,3,4,2,1,3,2,2,9,43,0,0,0,0,4,0,0,0,4,2,2,2,8,0,0,1
3,0,1,0,3,3,1,3,3,4,2,3,2,3,3,5,46,0,0,1,0,4,0,0,0,4,1,2,2,8,0,1,1
1,0,0,0,3,3,3,3,3,2,3,1,1,3,5,9,23,1,1,0,0,4,0,0,0,3,2,1,1,7,0,1,1
3,0,1,0,3,3,1,3,1,1,2,1,1,3,4,6,52,0,0,0,1,4,0,0,0,5,1,3,2,1,0,3,1
3,0,0,0,1,3,1,3,3,2,2,1,2,3,4,8,20,0,0,0,0,4,0,0,0,3,1,2,2,1,0,2,1
1,0,1,0,1,3,1,3,1,1,3,2,1,3,4,7,39,1,0,0,1,4,0,0,0,5,3,1,1,8,0,1,1
2,1,0,0,1,1,3,3,3,1,2,2,1,2,4,3,42,1,0,0,0,4,0,0,0,4,2,3,1,6,0,0,1
2,1,0,0,1,3,3,3,3,1,3,2,1,2,1,5,50,0,0,0,0,4,0,0,0,5,2,2,1,7,0,0,1
1,0,0,1,3,3,1,3,3,3,2,1,2,3,4,6,32,0,0,1,1,4,0,0,0,3,1,2,2,7,1,0,1
1,1,0,0,1,3,1,3,3,2,2,2,2,3,3,8,29,1,0,0,0,4,0,0,0,5,3,2,1,8,0,0,1
1,1,0,0,3,3,1,3,3,2,2,2,1,2,3,5,57,0,0,0,0,4,0,0,0,5,3,1,1,9,0,0,1
1,1,0,0,3,3,1,3,3,2,2,3,2,3,4,5,49,0,0,1,0,4,0,0,0,4,3,2,2,9,0,1,1
2,0,0,1,1,1,3,3,3,2,2,2,2,3,2,7,26,1,0,0,0,4,0,0,0,4,3,3,1,8,0,0,1
2,0,1,0,3,3,3,3,3,4,2,1,1,3,4,9,43,1,0,0,0,1,0,0,0,4,1,3,2,7,4,0,1
1,1,0,0,3,3,1,3,3,4,2,3,2,3,3,9,44,0,0,0,0,1,0,0,0,4,3,1,1,10,0,0,1
1,0,0,1,3,3,1,3,3,3,2,2,2,3,4,8,24,1,0,0,0,1,0,0,0,4,2,2,1,9,0,0,1
1,1,0,0,3,3,1,3,3,3,3,1,1,2,2,5,40,0,0,1,0,1,0,0,0,4,3,1,1,9,0,0,1
1,1,0,0,1,3,1,3,1,4,3,2,2,2,3,7,31,0,0,0,1,1,0,0,0,3,1,2,1,8,0,1,1
3,1,0,0,1,1,3,3,3,3,2,1,1,3,4,5,28,0,0,0,0,1,0,0,0,2,1,3,1,5,0,3,1
1,1,0,0,3,3,1,3,1,2,3,3,3,3,4,4,28,0,0,0,1,1,0,0,0,4,2,1,1,8,0,0,1
1,0,0,0,3,3,1,1,3,1,2,3,1,3,3,3,28,1,0,0,0,1,0,0,0,2,2,3,1,8,0,2,1
1,0,0,1,1,3,1,3,3,3,2,1,1,2,2,5,24,0,0,1,0,1,0,0,0,3,3,1,1,6,0,0,1
2,0,0,0,3,3,3,3,1,4,4,1,1,3,3,9,63,0,1,0,0,1,0,0,0,1,1,3,1,6,2,0,1
2,0,1,0,3,3,3,3,3,3,2,1,1,2,2,5,27,0,0,1,0,1,0,0,0,4,2,3,2,8,1,1,1
3,0,0,0,3,3,1,3,3,1,3,1,2,2,3,5,21,0,0,0,0,1,0,0,0,4,1,3,2,9,0,3,1
1,0,0,0,3,3,2,3,2,2,2,2,1,2,3,2,22,0,0,1,0,1,0,0,0,4,3,2,2,9,0,0,1
1,1,0,0,3,1,1,3,3,2,3,2,3,3,4,3,39,0,0,1,0,1,0,0,0,4,3,1,1,5,0,0,1
1,1,0,0,3,2,2,3,1,1,1,1,1,2,2,1,49,0,0,1,0,1,0,0,0,4,3,3,1,1,0,0,1
1,0,1,0,1,3,3,3,3,4,3,1,1,2,2,2,34,0,0,0,1,1,0,0,0,5,3,1,1,10,0,0,1
1,1,0,0,1,1,3,3,3,3,2,2,3,3,1,2,47,1,0,0,0,1,0,0,0,5,3,1,1,8,0,0,1
1,1,0,0,3,3,1,3,1,2,3,3,3,2,4,7,24,1,0,0,0,4,0,0,0,5,3,2,2,9,0,0,1
2,0,0,0,1,3,1,3,3,1,3,1,1,2,2,3,56,0,0,1,0,4,0,0,0,5,1,2,1,6,1,2,1
2,0,1,0,3,3,1,3,1,4,2,1,1,3,4,6,38,1,0,0,0,4,0,0,0,1,1,3,2,6,3,0,1
2,0,1,0,3,3,1,3,1,2,2,3,1,2,3,5,50,0,0,0,0,4,0,0,0,1,1,3,2,6,1,1,1
2,0,1,0,1,1,3,3,1,1,3,2,1,3,3,9,25,1,0,0,0,4,0,0,0,5,1,3,1,7,0,3,1
2,0,1,0,3,3,3,1,1,2,3,1,1,1,3,7,33,1,0,0,0,4,0,0,0,5,1,3,2,4,4,0,1
2,0,0,0,1,3,1,1,1,4,3,1,2,3,4,5,27,0,0,0,0,4,0,0,0,1,1,3,1,3,4,0,1
2,0,1,0,1,3,3,3,3,3,1,2,2,3,4,7,32,1,0,0,0,4,0,0,0,5,3,3,2,7,4,0,1
2,0,1,0,1,1,1,3,3,1,3,2,1,2,5,4,42,0,0,1,1,4,0,0,0,5,1,3,1,4,3,0,1
2,0,0,0,3,3,1,2,1,3,2,2,1,2,2,7,18,0,0,0,0,4,0,0,0,5,1,2,1,3,2,0,1
2,0,1,0,1,3,3,2,2,1,3,1,2,3,4,5,28,1,0,0,1,4,0,0,0,5,1,3,2,8,0,1,1
2,0,0,0,3,1,1,1,3,3,3,1,1,3,3,5,21,1,1,0,0,4,0,0,0,3,2,2,2,8,2,0,1
3,0,1,0,1,3,1,2,1,4,2,2,2,3,4,9,31,0,1,0,0,4,0,0,0,4,2,3,1,6,0,3,1
1,1,0,0,1,1,3,3,1,2,3,1,1,3,4,6,24,0,0,0,0,4,0,0,0,5,1,3,2,9,0,3,1
1,0,0,0,1,3,3,3,3,3,3,3,3,3,5,8,21,0,0,0,0,4,0,0,0,5,2,2,1,9,2,1,1
1,1,0,0,3,3,1,3,3,2,3,1,1,2,4,4,38,1,0,0,0,4,0,0,0,5,2,1,1,5,0,2,1
3,0,0,1,3,2,3,2,1,3,1,2,1,1,3,9,32,1,1,0,0,4,0,0,0,5,1,3,2,1,0,3,1
3,0,0,1,1,1,3,1,1,2,3,1,1,2,2,6,45,0,0,1,1,4,0,0,0,3,3,3,2,3,0,4,1
1,1,0,0,1,3,3,3,3,3,3,2,2,3,5,3,35,1,0,0,1,4,0,0,0,5,3,2,1,9,0,0,1
3,1,0,0,3,3,3,1,3,3,2,3,3,3,3,7,32,1,0,0,0,4,0,0,0,4,3,3,2,7,0,2,1
3,0,0,0,1,1,3,1,3,4,1,2,1,3,4,8,32,1,0,0,0,4,0,0,0,3,1,3,2,8,0,0,1
2,0,0,0,1,3,1,3,3,3,4,4,1,1,4,6,22,0,0,0,0,4,0,0,0,6,3,2,2,8,1,0,1
2,0,1,0,1,3,3,1,1,1,1,2,1,3,3,5,54,0,0,0,0,4,0,0,0,5,2,2,1,4,0,0,1
1,1,0,0,1,3,1,1,3,4,1,3,3,3,4,5,24,0,0,0,0,4,0,0,0,5,2,2,2,9,0,0,1
1,1,0,0,3,3,3,1,1,3,3,2,2,2,4,3,48,0,0,0,0,4,0,0,0,5,2,3,2,9,0,0,1
2,0,1,0,3,3,1,3,1,3,1,2,3,3,2,7,45,1,0,0,0,4,0,0,0,5,1,3,2,7,4,0,1
1,1,0,0,1,3,1,3,3,3,3,3,1,3,3,4,28,1,0,0,0,4,0,0,0,3,2,2,1,9,0,0,1
1,0,0,1,1,3,3,3,3,1,3,2,2,3,4,3,27,0,0,1,0,2,0,0,0,5,3,2,1,5,0,0,1
1,0,0,0,1,2,1,1,3,2,3,2,1,2,4,2,23,0,0,1,0,2,0,0,0,5,1,3,1,5,0,4,1
2,0,0,1,1,1,2,3,2,1,3,2,1,2,2,3,33,1,0,0,0,2,0,0,0,5,2,3,1,5,0,0,1
3,0,0,0,1,1,1,3,1,2,3,2,1,1,2,2,19,1,0,0,0,2,0,0,0,5,2,3,2,5,0,3,1
1,1,0,0,1,3,1,1,1,2,3,2,1,2,4,3,30,0,1,0,1,2,0,0,0,5,3,2,1,5,0,0,1
1,1,0,0,1,3,3,3,2,1,2,1,2,2,4,5,27,1,1,0,1,2,0,0,0,5,2,2,1,8,0,0,1
1,1,0,0,1,3,1,3,3,4,3,3,3,3,4,3,24,1,0,0,0,2,0,0,0,5,3,1,1,9,0,0,1
1,0,0,0,1,3,3,3,3,2,3,2,2,3,4,5,22,1,0,1,0,2,0,0,0,5,3,1,1,9,0,0,1
1,1,0,0,3,2,2,1,3,3,4,3,1,3,2,2,25,1,0,1,1,2,0,0,0,5,3,1,1,8,0,1,1
1,1,0,0,1,1,1,3,3,1,3,2,2,2,3,3,26,1,0,0,0,2,0,0,0,5,2,3,2,8,0,0,1
2,0,1,0,3,3,3,3,1,2,3,2,2,2,2,2,46,0,0,1,0,2,0,0,0,5,1,3,1,5,0,4,1
3,0,1,0,1,2,1,1,3,1,4,2,1,1,1,1,60,0,0,1,0,2,0,0,0,5,3,3,1,2,0,4,1
2,0,0,0,1,2,3,3,1,4,3,3,1,3,2,8,27,0,0,0,1,2,0,0,0,2,1,2,1,2,1,2,1
3,0,0,0,1,3,3,1,1,4,3,1,1,3,1,9,35,0,1,0,0,2,0,0,0,2,1,3,1,1,2,2,1
1,1,0,0,1,1,1,3,3,4,3,2,1,3,2,7,39,1,0,0,0,2,0,0,0,5,1,3,1,8,0,0,1
1,1,0,0,1,3,3,3,3,1,2,1,1,2,4,9,26,1,0,0,0,2,0,0,0,3,3,2,2,5,0,0,1
1,0,0,0,3,3,1,3,3,2,3,3,3,3,4,6,21,0,0,0,0,2,0,0,0,2,2,1,1,9,0,0,1
1,1,0,0,1,3,3,3,1,2,3,2,2,3,5,6,25,1,0,0,0,2,0,0,0,2,3,1,1,10,0,0,1
3,0,1,0,1,3,1,3,1,1,4,1,3,3,3,9,30,0,0,0,0,2,0,0,0,2,1,3,2,8,0,2,1
1,1,0,0,1,3,1,3,2,1,3,2,1,3,1,3,36,1,0,0,0,2,0,0,0,5,3,2,1,1,0,2,1
3,0,0,0,1,3,3,3,3,3,3,3,1,1,4,5,20,0,0,0,0,2,0,0,0,5,3,3,1,8,1,2,1
1,1,0,0,3,1,1,3,1,3,3,3,2,3,4,3,58,1,0,0,0,2,0,0,0,6,3,3,1,10,0,0,1
2,0,1,0,1,3,3,3,1,2,3,2,1,2,2,5,43,1,0,0,0,2,0,0,0,6,2,2,1,3,3,0,1
2,0,1,0,1,1,1,3,1,4,4,1,1,3,4,7,31,1,0,0,0,2,0,0,0,5,1,3,1,1,4,0,1
1,1,0,0,1,3,3,1,3,1,3,3,3,3,2,2,50,0,0,1,0,1,0,0,0,5,3,3,1,10,0,0,1
1,1,0,0,1,3,3,3,3,3,3,2,1,3,3,3,31,1,0,0,0,1,0,0,0,5,2,2,1,7,0,0,1
1,1,0,0,1,3,1,3,3,2,3,2,3,2,4,2,41,0,0,1,0,1,0,0,0,5,3,1,1,8,0,0,1
1,1,0,0,1,3,1,3,3,2,3,3,3,3,5,3,28,1,0,0,0,1,0,0,0,5,2,2,2,8,0,0,1
3,0,0,1,3,3,3,3,1,1,3,2,2,1,3,7,24,1,0,0,1,1,0,0,0,5,2,3,2,7,1,0,1
1,0,0,0,1,2,1,1,3,2,1,1,1,3,4,2,23,1,0,0,0,1,0,0,0,5,1,3,2,9,0,0,1
3,1,0,0,1,3,1,1,3,1,1,2,3,3,3,3,32,0,0,1,0,1,0,0,0,5,1,2,1,5,0,3,1
1,1,0,0,3,2,3,3,1,4,1,2,3,2,4,9,34,0,1,0,1,1,0,0,0,5,2,3,1,8,1,0,1
1,1,0,0,3,3,1,2,1,1,3,3,1,3,2,1,60,0,0,0,0,5,0,0,0,5,2,1,2,10,0,0,1
2,0,1,0,1,3,1,3,1,2,3,2,1,3,4,7,27,1,0,0,0,5,0,0,0,5,2,3,1,5,4,0,1
1,0,0,1,3,3,1,3,1,2,3,2,3,2,4,5,25,1,0,0,0,5,0,0,0,3,3,1,1,8,0,0,1
2,1,0,0,1,3,3,3,1,3,3,3,1,3,2,9,43,0,0,0,0,5,0,0,0,1,2,1,1,4,3,0,1
1,1,0,0,1,3,1,3,3,3,3,3,1,2,3,5,33,1,0,0,0,5,0,0,0,5,3,1,1,8,0,1,1
1,1,0,0,3,3,3,1,3,1,2,2,2,3,4,9,34,0,0,0,0,5,0,0,0,1,3,1,1,1,0,0,1
2,1,0,0,1,3,1,1,1,2,3,2,1,2,2,7,45,1,0,0,1,5,0,0,0,5,2,1,1,7,4,0,1
1,1,0,0,3,3,1,3,1,3,2,2,3,3,4,4,58,0,0,0,1,5,0,0,0,1,2,1,1,7,0,0,1
2,0,0,1,1,2,1,3,2,3,3,2,2,3,1,2,48,1,0,0,0,5,0,0,0,5,1,1,1,10,1,2,1
1,1,0,0,1,3,2,1,1,1,3,1,3,1,2,2,31,1,0,0,0,5,0,0,0,3,3,2,1,4,0,0,1
1,1,0,0,1,1,3,1,1,1,3,3,2,3,2,1,60,1,0,0,0,5,0,0,0,5,2,2,1,10,0,0,1
1,1,0,0,1,3,1,3,1,1,3,1,1,2,1,1,53,1,0,0,0,5,0,0,0,3,3,1,1,8,0,4,1
1,0,0,1,1,3,1,3,3,1,3,2,1,3,3,2,60,1,0,0,0,5,0,0,0,5,3,1,1,8,0,0,1
1,1,0,0,3,3,1,3,1,1,3,2,2,3,4,5,39,1,0,0,0,5,0,0,0,5,2,3,1,8,0,0,1
2,0,1,0,3,3,1,3,1,1,3,2,2,3,4,5,25,1,0,0,0,5,0,0,0,1,1,3,2,7,4,0,1
1,0,0,0,1,3,1,3,3,4,2,2,2,3,3,7,21,0,0,0,0,2,0,0,0,5,1,1,1,9,1,0,1
1,1,0,0,3,2,1,2,1,4,2,3,3,3,3,9,30,0,1,0,0,2,0,0,0,2,2,1,1,8,0,0,1
1,1,0,0,1,3,1,3,3,4,2,3,3,4,5,2,45,0,0,0,1,2,0,0,0,2,3,1,1,9,0,0,1
1,1,0,0,1,3,3,3,1,4,3,3,3,3,4,2,59,1,0,0,0,2,0,0,0,5,3,1,1,10,0,0,1
2,0,1,0,1,1,1,3,1,3,3,1,3,3,4,9,24,1,0,0,0,2,0,0,0,6,2,3,1,8,0,0,1
1,1,0,0,3,3,1,1,1,3,3,3,3,3,4,3,43,0,0,1,0,2,0,0,0,5,2,1,1,10,0,0,1
1,1,0,0,1,3,1,3,3,1,3,1,2,3,2,3,50,1,0,0,0,2,0,0,0,5,3,3,2,1,0,0,1
1,0,0,0,1,3,1,3,3,3,3,3,1,3,3,2,24,1,0,1,0,2,0,0,0,6,2,1,1,5,0,0,1
1,1,0,0,1,3,1,3,2,2,3,1,2,2,4,3,27,1,0,0,0,2,0,0,0,5,2,1,1,7,0,0,1
1,1,0,0,1,3,1,3,1,3,3,3,2,2,3,2,49,0,0,0,1,2,0,0,0,5,2,1,1,8,0,0,1
2,0,0,1,1,3,1,1,1,1,3,2,1,3,2,3,25,0,0,0,0,2,0,0,0,5,3,3,2,4,4,0,1
3,0,0,1,2,3,3,3,2,3,3,2,2,2,4,3,31,1,0,0,0,2,0,0,0,6,1,3,1,9,0,1,1
1,1,0,0,1,3,1,1,3,2,3,1,1,2,2,4,40,0,0,1,0,2,0,0,0,5,1,3,2,3,3,0,1
2,0,0,0,3,1,1,3,1,3,3,3,2,3,3,4,18,1,0,0,0,2,0,0,0,5,3,3,2,6,1,0,1
1,1,0,0,1,3,1,3,1,2,3,2,2,3,4,2,54,1,0,0,0,2,0,0,0,5,3,3,1,10,0,0,1
2,1,0,0,1,3,1,3,1,3,4,2,2,3,4,9,25,0,1,0,0,2,0,0,0,5,2,1,1,8,2,0,1
1,0,0,0,1,3,1,3,2,1,2,2,1,3,3,9,21,1,0,0,0,2,0,0,0,5,3,1,1,5,0,0,1
1,1,0,0,3,2,2,3,2,4,3,2,2,2,3,5,28,0,0,1,0,2,0,0,0,2,2,3,1,6,0,0,1
2,1,0,0,1,1,1,3,3,1,3,2,1,2,2,3,37,0,0,1,0,2,0,0,0,5,3,3,1,2,0,2,1
2,1,0,0,1,3,1,3,1,1,3,1,1,2,4,9,43,1,0,0,0,1,0,0,0,5,1,3,2,8,4,0,1
1,1,0,0,1,1,3,1,1,1,3,2,1,3,3,5,24,0,0,1,0,1,0,0,0,5,2,2,1,1,0,0,1
1,1,0,0,3,2,2,3,2,1,3,2,2,2,4,3,48,1,0,0,0,1,0,0,0,6,2,3,1,7,0,2,1
1,0,0,1,3,3,1,3,1,3,2,3,3,3,4,3,29,1,0,0,0,1,0,0,0,4,1,3,1,5,0,4,1
1,1,0,0,1,3,1,3,1,3,2,3,2,3,4,5,24,1,0,0,0,1,0,0,0,5,3,3,2,7,0,0,1
3,0,0,0,1,2,1,2,2,2,3,3,3,3,4,3,22,0,0,1,0,1,0,0,0,5,3,1,1,8,0,0,1
1,1,0,0,3,3,1,3,1,1,3,3,1,3,4,5,31,0,0,1,0,1,0,0,0,3,3,2,2,7,0,0,1
2,1,0,0,1,3,1,3,1,1,3,3,3,3,4,3,47,0,0,0,0,1,0,0,0,5,2,2,2,8,0,0,1
1,1,0,0,3,3,1,3,1,2,2,2,1,3,4,9,25,0,1,0,0,1,0,0,0,3,3,2,2,7,0,0,1
1,1,0,0,3,3,2,3,1,1,3,3,2,3,3,5,25,0,0,0,0,1,0,0,0,5,3,2,2,9,0,0,1
2,0,0,0,3,2,1,3,2,2,3,2,1,3,4,3,20,1,0,0,0,1,0,0,0,3,2,1,1,9,0,0,1
1,1,0,0,1,3,3,3,1,1,3,3,2,4,3,3,34,0,0,0,1,1,0,0,0,5,3,3,2,8,0,4,1
3,1,0,0,1,3,3,3,3,1,4,1,3,2,4,2,58,1,0,0,0,3,0,0,0,5,1,3,2,10,0,4,1
3,0,0,1,3,1,1,3,1,1,3,1,1,2,1,5,25,1,0,0,0,3,0,0,0,5,2,2,1,7,1,1,1
1,1,0,0,1,3,3,1,3,4,3,1,2,3,4,9,30,0,1,0,1,3,0,0,0,2,1,1,2,8,0,0,1
3,1,0,0,1,2,1,1,3,1,3,2,3,2,4,2,42,1,0,0,0,3,0,0,0,5,1,3,1,5,0,4,1
1,0,0,1,1,3,3,1,3,1,3,2,1,3,4,3,45,0,0,1,0,3,0,0,0,2,3,3,1,10,0,4,1
1,1,0,0,1,3,1,1,3,1,3,2,2,3,4,6,29,0,0,0,1,3,0,0,0,5,3,2,2,7,0,0,1
3,1,0,0,2,3,1,1,3,2,3,2,3,2,4,4,33,1,0,0,0,3,0,0,0,5,1,3,1,10,0,4,1
3,1,0,0,1,3,3,1,3,2,3,2,3,2,5,3,45,0,0,0,0,3,0,0,0,5,1,3,2,3,0,4,1
1,1,0,0,3,3,3,3,1,2,2,3,3,3,4,9,24,0,0,0,0,3,0,0,0,2,3,2,2,7,0,0,1
1,1,0,0,3,1,1,3,1,3,1,3,3,2,3,2,57,0,0,0,1,3,0,0,0,5,2,1,1,8,0,0,1
1,1,0,0,3,3,1,3,3,2,1,3,2,3,5,5,28,0,0,1,0,3,0,0,0,3,3,3,1,10,0,0,1
1,0,0,1,3,3,1,3,1,3,3,2,2,2,4,5,32,0,0,0,0,3,0,0,0,2,3,1,1,9,0,0,1
3,1,0,0,1,1,3,3,3,4,3,2,1,3,4,7,35,1,0,0,0,3,0,0,0,5,2,2,1,5,1,0,1
3,1,0,0,1,3,1,3,1,2,3,1,3,3,4,3,29,1,0,0,1,3,0,0,0,5,3,3,2,10,0,4,1
3,0,1,0,3,1,3,1,3,1,1,2,3,3,4,2,45,1,0,0,0,3,0,0,0,2,3,3,1,10,0,4,1
3,0,0,1,3,1,1,3,3,1,3,2,2,2,3,5,33,0,0,0,1,3,0,0,0,2,2,2,1,5,0,1,1
3,0,0,0,1,1,3,3,3,4,4,2,1,3,4,5,19,1,0,0,0,3,0,0,0,6,1,3,1,1,0,4,1
3,1,0,0,1,3,2,3,1,1,3,2,3,2,2,2,35,1,0,0,0,3,0,0,0,1,3,3,2,2,0,3,1
3,0,0,1,3,3,1,3,3,4,3,1,3,1,4,1,45,0,0,1,0,3,0,0,0,4,1,3,2,1,0,3,1
1,0,0,1,1,3,1,3,1,4,4,2,3,2,4,9,32,0,0,0,1,3,0,0,0,5,2,1,1,8,0,0,1
3,0,0,0,3,3,3,3,3,2,3,1,3,2,5,5,18,0,0,0,1,3,0,0,0,5,1,3,1,5,0,4,1
3,0,0,0,1,3,1,1,3,3,2,2,2,3,5,7,22,0,1,0,0,3,0,0,0,3,1,3,1,7,0,2,1
1,1,0,0,1,2,3,3,2,3,3,1,2,2,2,5,54,1,1,0,0,3,0,0,0,4,3,1,1,5,1,3,1
3,0,0,0,1,1,1,1,3,1,2,1,3,2,4,5,60,0,0,1,0,1,0,0,0,1,1,3,2,1,0,3,1
3,0,1,0,3,1,3,3,3,3,3,2,3,3,4,1,47,1,0,0,0,1,0,0,0,5,1,3,2,1,0,4,1
1,0,0,1,3,3,3,3,1,3,3,2,3,3,4,3,54,0,0,1,0,1,0,0,0,5,3,3,1,7,0,4,1
3,1,0,0,3,1,3,3,2,2,4,2,2,3,2,5,25,1,0,0,0,1,0,0,0,5,3,3,1,8,0,2,1
3,1,0,0,1,1,1,1,3,3,2,1,2,2,2,2,45,0,0,1,0,1,0,0,0,1,1,3,2,3,0,4,1
3,0,0,1,3,3,1,3,3,2,2,2,2,2,3,3,35,0,0,1,0,1,0,0,0,5,3,2,1,3,0,4,1
3,0,1,0,2,3,1,3,3,3,3,2,2,3,3,6,29,0,0,1,0,4,0,0,0,4,3,2,2,8,0,4,1
3,0,0,0,2,3,1,3,3,2,3,2,2,2,3,8,23,0,0,0,0,4,0,0,0,3,2,2,2,9,0,2,1
3,1,0,0,3,3,3,3,3,2,2,2,3,3,4,3,30,0,0,0,0,4,0,0,0,5,1,3,2,5,0,4,1
3,0,1,0,3,3,1,3,1,1,3,1,1,3,4,4,40,0,0,1,0,4,0,0,0,4,1,3,2,1,0,4,1
1,1,0,0,3,3,3,3,3,3,3,3,1,3,2,2,60,1,0,0,0,4,0,0,0,1,2,3,1,10,0,0,1
1,0,1,0,2,3,1,3,1,2,2,2,3,3,3,3,34,1,0,0,0,4,0,0,0,3,2,2,2,10,0,0,1
1,0,1,0,2,1,2,3,3,1,3,2,2,3,4,2,43,1,0,0,1,4,0,0,0,4,3,3,1,8,0,1,1
1,0,0,1,3,3,1,1,1,2,2,3,1,3,2,6,47,1,0,0,1,4,0,0,0,1,3,1,1,8,0,0,1
3,0,0,0,2,3,1,3,3,2,2,3,2,3,3,7,22,0,0,1,0,4,0,0,0,3,3,2,2,7,0,1,1
1,0,0,1,3,1,3,3,1,2,2,3,3,3,4,8,36,0,0,0,1,4,0,0,0,2,2,1,2,8,0,0,1
1,0,0,0,2,3,1,3,3,3,3,2,2,3,4,6,20,0,0,1,0,4,0,0,0,2,2,2,2,9,0,0,1
3,0,0,1,3,3,1,3,3,2,3,2,2,3,4,7,24,0,0,1,0,4,0,0,0,2,2,2,2,9,0,1,1
2,0,1,0,3,3,1,1,1,1,4,2,1,3,4,4,28,1,0,0,0,4,0,0,0,4,1,3,2,8,0,2,1
1,0,0,0,3,3,1,3,3,3,3,2,2,3,4,8,23,0,0,0,0,4,0,0,0,3,3,2,2,8,0,0,1
2,1,0,0,3,3,1,3,3,2,3,3,2,3,4,9,31,1,0,0,0,4,0,0,0,5,3,2,2,9,0,0,1
3,1,0,0,3,3,1,3,3,1,3,3,2,3,3,4,38,0,0,1,0,1,0,0,0,4,2,1,1,10,0,1,1
3,0,0,0,1,3,1,3,3,3,3,3,1,2,3,6,23,0,0,1,0,1,0,0,0,2,2,2,2,9,0,0,1
2,0,0,0,1,3,1,3,3,2,3,3,2,3,4,8,20,0,0,0,0,1,0,0,0,4,2,2,2,9,0,0,1
3,1,0,0,1,3,1,3,3,4,2,3,2,4,4,9,59,0,0,0,0,1,0,0,0,3,3,2,2,9,0,0,1
3,0,1,0,3,3,1,3,3,3,3,3,2,3,4,8,56,0,0,0,0,1,0,0,0,3,2,2,2,1,0,0,1
1,1,0,0,1,3,1,3,3,3,3,3,2,3,5,9,42,0,1,0,0,1,0,0,0,5,2,3,2,8,0,4,1
1,1,0,0,3,1,3,3,3,2,2,1,1,2,1,5,33,1,0,0,0,1,0,0,0,6,2,1,1,2,0,3,1
3,1,0,0,1,3,1,2,3,4,3,2,2,3,4,7,36,1,0,0,0,1,0,0,0,5,2,2,2,8,0,0,1
1,1,0,0,2,3,1,3,3,3,3,3,2,3,4,6,23,0,0,0,0,1,0,0,0,5,3,1,1,9,0,0,1
3,0,1,0,3,2,2,3,3,2,2,3,2,2,3,5,29,0,0,1,0,1,0,0,0,5,1,2,2,7,0,3,1
1,1,0,0,1,3,2,1,3,2,2,2,2,2,5,3,31,0,0,1,0,1,0,0,0,6,3,3,2,8,0,0,1
1,1,0,0,3,1,1,3,3,1,3,2,1,3,2,4,52,1,0,1,0,1,0,0,0,5,3,1,2,8,0,0,1
3,0,0,0,3,3,1,1,3,2,3,1,1,1,1,8,22,1,0,0,0,1,0,0,0,6,3,3,1,6,0,4,1
3,1,0,0,1,3,3,2,3,1,3,3,1,3,3,2,34,1,0,0,0,1,0,0,0,4,3,3,2,9,0,2,1
3,0,0,0,2,2,1,3,3,1,3,3,3,3,4,4,22,0,0,1,0,1,0,0,0,3,2,2,2,8,0,0,1
2,1,0,0,3,1,3,1,1,1,3,3,2,3,3,3,27,1,0,0,0,1,0,0,0,5,3,2,1,8,0,0,1
2,0,1,0,1,1,1,3,3,1,4,2,2,3,4,1,58,0,0,0,0,4,0,0,0,5,1,2,1,8,1,1,1
1,1,0,0,3,1,3,1,3,1,3,2,2,3,4,5,33,1,0,0,1,4,0,0,0,5,2,1,1,6,0,0,1
1,1,0,0,3,3,3,1,1,1,2,2,3,3,4,9,47,0,1,0,1,4,0,0,0,5,3,1,1,10,0,0,1
1,0,0,1,3,1,3,1,3,1,3,2,2,2,3,6,30,1,0,0,1,4,0,0,0,2,2,2,1,8,1,0,1
1,1,0,0,1,3,1,3,1,4,3,2,3,2,5,7,40,0,0,0,1,4,0,0,0,5,1,2,1,6,0,0,1
2,0,1,0,3,3,1,3,1,4,4,1,2,2,1,9,27,0,0,0,0,4,0,0,0,3,2,2,2,6,4,0,1
3,0,0,0,1,3,3,3,3,3,1,2,2,3,2,8,21,0,0,0,1,4,0,0,0,6,1,2,2,6,0,3,1
3,0,1,0,3,1,3,3,1,3,3,2,2,2,4,9,25,0,0,0,0,4,0,0,0,5,1,2,2,5,0,3,1
3,0,1,0,1,3,1,3,3,3,3,1,2,4,4,8,32,1,0,0,1,4,0,0,0,5,1,3,1,6,0,2,1
1,1,0,0,1,1,2,3,3,1,3,2,3,2,2,1,60,1,0,0,0,4,0,0,0,5,3,2,1,8,0,0,1
3,0,1,0,1,1,3,1,3,1,3,1,1,2,2,2,42,0,0,0,1,4,0,0,0,3,1,2,2,4,1,3,1
3,0,0,0,3,3,3,3,3,3,3,2,3,2,4,3,46,0,0,1,0,4,0,0,0,2,2,1,1,6,0,2,1
1,0,0,0,3,1,3,3,3,2,2,3,3,3,4,8,21,0,0,0,0,4,0,0,0,5,3,1,1,8,0,0,1
1,1,0,0,3,2,1,3,3,1,1,1,1,2,4,7,54,0,0,0,1,4,0,0,0,5,2,1,2,7,0,0,1
1,1,0,0,1,1,3,3,1,3,2,3,1,3,3,7,32,0,0,0,1,4,0,0,0,4,1,2,2,5,0,0,1
3,0,1,0,1,1,3,1,3,1,3,2,2,3,2,7,32,1,0,0,0,4,0,0,0,5,1,3,1,8,0,1,1
3,0,0,0,3,3,3,3,3,2,1,1,3,2,4,8,30,0,0,0,0,4,0,0,0,3,1,3,1,6,0,2,1
3,0,0,1,3,3,3,3,1,4,2,1,3,3,5,5,38,1,0,0,0,3,0,0,0,3,3,3,1,1,0,4,1
3,1,0,0,3,3,3,3,2,1,4,2,2,3,4,3,47,1,0,0,0,3,0,0,0,3,1,3,1,7,0,2,1
1,1,0,0,3,3,1,3,1,4,4,1,3,3,4,6,40,0,0,0,0,3,0,0,0,5,2,2,2,10,0,0,1
3,1,0,0,3,3,3,3,1,2,3,1,1,3,1,5,49,1,0,0,0,3,0,0,0,2,2,3,2,1,0,4,1
3,1,0,0,1,3,1,1,1,1,2,2,2,2,2,9,33,0,0,0,0,3,0,0,0,3,1,1,1,7,0,1,1
1,0,0,1,1,3,1,3,3,4,3,2,3,2,3,7,34,1,1,0,0,3,0,0,0,5,3,2,2,10,0,2,1
3,1,0,0,3,3,3,3,3,4,1,2,1,2,4,9,31,0,1,0,0,3,0,0,0,4,1,3,2,8,0,0,1
1,0,0,0,2,3,3,3,1,3,2,3,3,3,1,6,18,0,0,0,0,3,0,0,0,3,2,2,1,5,0,1,1
1,0,0,0,2,3,2,2,3,3,2,2,2,2,4,7,33,0,1,0,0,3,0,0,0,3,3,2,2,6,0,1,1
1,1,0,0,1,1,3,1,1,1,3,1,1,2,2,6,30,0,0,0,1,3,0,0,0,3,1,3,1,5,0,2,1
1,0,0,0,3,3,1,3,3,2,2,2,3,3,4,5,21,0,0,0,0,3,0,0,0,5,3,1,1,7,0,0,1
1,0,0,0,3,3,1,3,1,2,3,1,1,3,4,7,45,1,0,0,0,3,0,0,0,5,2,2,1,7,0,2,1
3,0,0,1,3,1,3,3,3,1,4,1,1,3,2,7,28,1,1,0,1,3,0,0,0,5,1,1,1,6,0,4,1
1,1,0,0,1,1,1,3,1,3,2,3,2,2,3,5,38,0,0,1,0,1,0,0,0,2,2,2,1,9,0,0,1
3,0,0,1,1,3,3,3,3,4,3,2,1,2,2,3,25,1,0,0,0,1,0,0,0,5,1,3,1,6,0,4,1
1,1,0,0,1,3,3,2,2,2,2,3,1,3,4,7,24,1,0,0,0,1,0,0,0,5,2,1,2,6,0,1,1
1,1,0,0,3,1,1,3,2,4,3,2,3,2,4,2,45,1,0,0,0,1,0,0,0,5,3,2,1,7,0,0,1
1,1,0,0,3,1,3,3,1,4,4,2,3,2,3,3,52,0,0,0,0,1,0,0,0,2,2,1,1,8,1,0,1
3,0,0,0,3,3,3,3,3,3,4,3,1,2,2,6,18,0,0,0,0,1,0,0,0,5,3,2,1,7,0,4,1
1,1,0,0,3,2,3,3,3,2,4,2,1,2,2,5,40,0,1,0,1,1,0,0,0,2,3,1,1,8,0,0,1
1,1,0,0,3,2,3,3,3,4,2,2,1,3,1,2,55,1,0,0,0,1,0,0,0,5,2,1,1,7,2,0,1
1,1,0,0,1,3,3,3,3,4,4,2,1,3,3,9,24,0,1,0,1,1,0,0,0,3,1,2,1,5,0,3,1
3,1,0,0,1,1,1,3,3,3,3,2,2,2,1,5,48,0,0,0,1,1,0,0,0,3,3,1,1,10,0,2,1
3,1,0,0,1,2,3,3,3,2,3,2,3,2,4,3,28,1,0,0,0,1,0,0,0,5,3,2,2,7,0,1,1
2,0,0,0,1,3,3,3,3,3,3,3,2,2,3,5,20,0,0,0,0,1,0,0,0,5,2,2,1,8,0,1,1
1,0,0,0,3,3,1,3,3,2,3,3,2,3,3,6,23,0,0,0,0,2,0,0,0,1,3,1,1,7,0,0,1
1,0,0,0,3,3,1,3,1,1,3,3,2,3,1,5,27,1,1,0,1,2,0,0,0,5,1,3,2,8,0,4,1
3,0,1,0,1,1,1,3,1,4,3,2,3,3,4,3,24,1,0,0,0,2,0,0,0,4,3,3,2,5,0,4,1
3,0,0,0,3,3,1,1,1,3,2,1,1,2,1,8,20,0,0,0,0,2,0,0,0,5,1,2,1,1,1,2,1
2,0,1,0,1,1,1,1,3,1,3,2,1,3,2,3,28,0,0,1,0,2,0,0,0,5,1,3,2,5,1,0,1
1,1,0,0,1,1,3,3,3,4,3,2,1,2,5,2,53,1,0,0,0,2,0,0,0,6,1,2,1,6,0,0,1
2,1,0,0,1,3,1,3,1,1,3,2,1,2,1,2,46,0,0,1,0,2,0,0,0,5,3,3,1,1,0,4,1
1,0,1,0,1,3,1,3,1,2,1,2,1,2,2,5,25,0,0,0,0,2,0,0,0,3,1,3,1,5,0,1,1
2,0,1,0,1,3,3,1,1,1,1,2,2,2,4,6,33,0,0,1,0,2,0,0,0,5,1,3,2,8,0,0,1
2,0,1,0,1,1,1,3,1,4,1,1,1,3,3,5,33,1,0,0,0,2,0,0,0,4,2,3,1,8,3,0,1
2,1,0,0,1,2,3,3,2,1,4,2,2,2,1,7,35,1,0,0,0,2,0,0,0,5,3,2,2,6,0,2,1
1,1,0,0,1,2,1,3,3,4,3,1,2,2,4,7,28,0,0,0,0,2,0,0,0,5,2,1,1,6,0,0,1
2,1,0,0,1,3,1,3,3,4,3,2,2,3,3,5,21,1,0,0,0,2,0,0,0,5,3,1,1,10,0,0,1
2,0,0,1,1,3,1,3,3,1,3,1,2,2,4,2,43,0,0,1,0,1,0,0,0,5,1,3,2,5,0,3,1
1,1,0,0,1,3,1,3,3,4,3,1,1,3,4,3,58,1,0,0,0,1,0,0,0,2,2,1,1,8,0,0,1
3,0,0,0,1,3,1,3,2,2,3,2,3,2,4,5,23,1,0,0,0,1,0,0,0,4,2,3,2,8,0,4,1
3,0,0,0,1,2,1,3,3,4,4,1,2,2,4,3,53,0,0,1,0,1,0,0,0,5,1,3,1,10,0,4,1
1,1,0,0,1,3,3,3,3,2,3,2,2,3,2,3,26,0,0,1,0,1,0,0,0,4,2,2,2,5,0,0,1
3,0,1,0,3,3,1,3,1,2,3,1,1,3,3,5,30,0,0,0,1,1,0,0,0,5,1,3,2,5,0,3,1
1,0,0,0,3,3,3,3,3,1,3,2,3,3,4,3,19,0,0,1,0,1,0,0,0,5,1,1,2,8,0,0,1
1,1,0,0,1,1,3,1,3,2,3,2,2,3,4,2,29,0,0,1,0,1,0,0,0,4,3,2,2,5,0,1,1
1,1,0,0,3,3,3,3,3,1,3,1,1,1,1,1,44,1,0,0,0,3,0,0,0,4,3,3,1,5,0,2,1
2,0,1,0,3,1,3,3,2,1,4,1,1,2,1,5,24,0,0,0,0,3,0,0,0,5,2,3,1,1,0,0,1
3,0,1,0,1,3,1,3,1,1,1,2,2,3,4,5,28,0,0,0,0,3,0,0,0,5,1,3,2,7,0,4,1
3,0,0,0,1,3,1,3,3,2,2,2,2,3,4,6,20,0,0,0,0,3,0,0,0,1,1,3,1,7,0,3,1
1,1,0,0,3,3,3,3,3,3,3,3,2,3,4,2,55,0,0,1,0,3,0,0,0,4,3,1,1,8,0,0,1
1,1,0,0,3,3,3,3,3,1,3,2,2,2,1,3,45,1,0,0,0,3,0,0,0,5,2,2,1,8,0,0,1
3,0,0,1,3,3,1,3,3,2,3,2,2,3,4,5,27,0,0,0,0,3,0,0,0,5,3,2,1,7,0,0,1
3,0,1,0,3,3,3,3,3,3,2,2,2,2,3,5,30,0,0,0,0,3,0,0,0,4,1,3,1,7,0,1,1
1,0,0,0,3,1,3,3,3,2,3,3,1,3,3,8,21,0,0,0,0,3,0,0,0,5,3,1,1,9,0,0,1
3,0,0,1,3,3,1,3,3,3,3,2,1,3,4,5,33,1,0,0,0,3,0,0,0,4,2,2,1,7,0,0,1
1,0,0,0,3,1,3,1,3,1,3,2,1,1,1,7,21,0,0,0,0,3,0,0,0,4,3,1,1,5,0,0,1
1,0,0,1,1,2,3,3,3,3,2,2,2,3,3,5,24,1,0,0,0,3,0,0,0,5,1,2,1,8,0,0,1
1,1,0,0,1,1,3,3,3,3,3,2,1,2,2,3,34,1,0,0,0,3,0,0,0,5,2,3,1,9,0,0,1
1,1,0,0,2,1,1,3,1,3,3,2,2,2,2,2,56,1,0,0,0,3,0,0,0,6,3,2,1,9,0,0,1
1,1,0,0,2,1,3,1,1,2,3,2,1,2,2,9,34,0,1,0,1,3,0,0,0,4,2,2,2,4,0,3,1
1,1,0,0,3,1,1,3,3,4,3,3,3,3,4,7,55,0,1,0,1,3,0,0,0,5,2,2,2,8,0,0,1
1,1,0,0,3,3,3,3,1,4,1,1,1,3,2,5,31,1,1,0,0,1,0,0,0,2,1,2,2,6,0,0,1
1,1,0,0,3,3,3,3,1,4,2,3,2,2,1,9,40,0,1,0,1,1,0,0,0,3,3,1,1,10,0,0,1
3,0,0,0,1,3,1,3,3,4,2,2,3,1,4,8,21,0,0,0,0,1,0,0,0,2,1,1,2,7,0,2,1
1,1,0,0,3,1,3,3,2,1,3,1,1,2,1,3,53,1,0,0,0,1,0,0,0,6,1,2,2,5,0,0,1
1,1,0,0,3,3,1,3,3,4,4,3,3,4,5,9,24,0,1,0,0,1,0,0,0,4,3,1,1,8,0,0,1
1,0,0,0,3,3,1,3,1,3,2,2,1,3,3,8,21,1,0,0,0,1,0,0,0,3,1,1,1,7,0,0,1
1,1,0,0,3,3,3,1,3,2,3,2,2,2,4,4,35,0,0,0,1,1,0,0,0,4,2,2,1,8,0,0,1
2,0,1,0,1,3,1,3,1,3,2,2,2,2,5,9,27,0,1,0,1,1,0,0,0,2,1,2,2,7,0,1,1
1,1,0,0,1,3,1,3,1,3,3,2,3,2,3,3,34,0,0,0,0,1,0,0,0,3,1,2,1,8,0,0,1
2,0,1,0,3,3,3,1,1,1,3,2,2,2,4,3,40,1,0,0,0,1,0,0,0,5,1,1,1,10,4,0,1
1,1,0,0,1,3,1,3,1,3,3,2,2,3,3,9,37,0,0,0,0,1,0,0,0,3,3,2,1,8,0,0,1
3,0,0,0,3,1,3,2,2,2,3,2,2,1,4,7,31,1,0,0,1,1,0,0,0,5,1,1,2,8,0,4,1
1,1,0,0,1,3,3,3,1,4,3,2,1,3,4,7,25,0,0,0,0,1,0,0,0,5,3,1,1,9,0,0,1
1,1,0,0,1,3,1,1,3,2,1,3,2,2,4,4,45,0,0,0,1,1,0,0,0,4,1,1,1,7,0,0,1
1,1,0,0,1,3,3,3,1,3,3,1,1,2,4,9,53,0,1,0,0,1,0,0,0,3,1,3,2,5,1,2,1
1,0,0,0,1,3,3,1,1,2,3,2,2,2,4,8,19,0,0,0,0,1,0,0,0,3,2,2,2,7,0,0,1
1,0,0,0,3,3,3,1,1,3,3,3,3,2,5,3,18,0,0,0,0,1,0,0,0,5,2,2,2,8,0,0,1
2,0,1,0,3,1,1,3,3,4,2,1,1,3,1,2,58,1,0,0,0,3,0,1,0,6,1,3,1,5,4,0,1
1,1,0,0,1,1,3,3,3,2,2,2,2,2,2,8,26,1,0,0,0,3,0,1,0,5,2,2,1,8,0,1,1
2,1,0,0,3,3,1,3,1,4,2,3,2,3,4,9,41,0,1,0,0,3,0,1,0,2,1,3,2,6,3,0,1
1,0,0,1,3,1,3,3,1,2,2,2,1,2,4,3,38,1,0,0,0,3,0,1,0,5,2,2,1,5,0,3,1
1,1,0,0,3,1,1,3,3,2,2,1,2,2,1,5,32,1,0,0,0,3,0,1,0,5,1,3,2,8,0,0,1
1,1,0,0,2,1,1,3,2,2,3,2,3,3,2,9,30,1,1,0,0,3,0,1,0,5,2,2,2,8,0,0,1
1,0,0,0,1,1,1,3,3,2,4,2,3,3,5,7,22,1,1,0,0,3,0,1,0,1,1,3,2,8,0,2,1
1,1,0,0,1,1,1,3,3,3,4,3,3,3,4,7,28,1,0,0,0,3,0,1,0,4,2,2,1,5,0,0,1
1,1,0,0,1,1,3,1,3,1,3,2,3,3,2,7,24,1,0,0,1,2,0,1,0,4,2,3,2,8,2,0,1
1,1,0,0,3,1,1,1,3,1,4,4,3,2,5,5,42,0,0,0,1,2,0,1,0,4,2,3,2,6,0,0,1
1,0,0,1,3,2,1,2,2,1,4,1,2,1,3,4,34,0,0,1,0,2,0,1,0,5,3,3,1,10,0,0,1
3,0,0,0,1,3,3,3,3,4,4,3,2,3,5,9,29,0,1,0,0,2,0,1,0,2,3,3,1,7,1,3,1
1,1,0,0,3,3,1,3,1,4,4,1,1,3,5,2,48,0,0,1,0,2,0,1,0,3,3,1,1,6,0,0,1
1,1,0,0,3,3,1,3,1,3,3,3,3,3,4,9,42,0,1,0,1,2,0,1,0,2,3,1,1,9,0,0,1
1,1,0,0,1,3,1,3,3,4,4,3,3,3,4,3,53,1,0,0,1,2,0,1,0,5,2,2,1,9,0,0,1
1,1,0,0,3,2,3,3,1,3,2,2,3,3,5,9,29,0,1,0,0,2,0,1,0,1,3,2,1,10,0,1,1
1,1,0,0,3,1,3,1,3,1,2,3,1,3,4,4,42,0,0,1,1,2,0,1,0,2,3,1,1,8,0,0,1
2,0,1,0,3,3,1,3,1,2,2,2,1,2,2,2,26,1,0,0,0,1,0,1,0,5,3,3,2,5,0,0,1
1,1,0,0,1,3,1,3,2,1,3,1,2,2,2,2,32,1,0,0,0,1,0,1,0,5,3,2,1,8,0,0,1
1,1,0,0,1,3,1,1,1,1,3,1,1,1,4,2,29,1,0,0,0,1,0,1,0,6,3,2,2,9,0,0,1
1,0,0,0,1,1,1,3,3,1,3,2,1,2,2,3,49,0,0,0,0,1,0,1,0,2,3,1,1,8,0,0,1
2,0,1,0,3,1,3,1,3,2,2,2,1,2,2,7,42,1,1,0,1,1,0,1,0,5,2,3,2,9,2,0,1
2,1,0,0,1,1,1,1,3,3,2,2,1,2,1,9,27,0,1,0,0,1,0,1,0,2,1,3,1,5,1,2,1
1,0,0,1,1,1,1,3,1,2,3,4,1,2,2,7,25,0,1,0,0,1,0,1,0,2,2,3,2,9,0,2,1
1,1,0,0,1,2,2,1,2,2,3,2,2,3,4,3,42,1,0,0,1,1,0,1,0,5,2,2,2,8,0,0,1
1,0,0,0,1,2,3,1,2,1,2,1,2,4,4,5,19,1,0,0,0,1,0,1,0,5,3,1,2,1,1,0,1
1,1,0,0,3,1,1,1,1,1,2,2,1,1,1,2,36,1,0,0,1,1,0,1,0,6,1,3,2,5,0,2,1
2,0,1,0,3,2,2,3,3,1,3,3,1,3,4,2,36,0,0,1,0,1,0,1,0,6,2,2,1,10,0,0,1
1,1,0,0,1,3,1,3,1,2,2,2,1,3,4,2,40,0,0,1,0,1,0,1,0,3,2,2,1,10,0,0,1
1,1,0,0,1,3,1,3,3,3,3,3,3,3,4,2,30,0,0,1,0,1,0,1,0,1,2,2,1,8,0,0,1
2,0,0,0,1,1,3,3,1,4,2,3,1,3,4,6,18,0,0,0,0,1,0,1,0,1,2,3,2,8,4,0,1
1,0,0,0,3,3,3,1,3,3,3,2,1,3,3,5,22,0,0,1,0,1,0,1,0,5,1,1,1,9,0,0,1
1,1,0,0,1,1,3,1,1,2,2,2,2,2,2,2,38,0,0,1,0,1,0,1,0,5,2,1,1,8,0,0,1
2,0,1,0,3,1,3,1,3,3,2,1,3,3,2,2,33,1,0,0,0,1,0,1,0,5,1,3,2,1,4,0,1
1,0,1,0,3,3,1,3,3,3,3,3,1,3,3,4,20,0,0,1,0,1,0,1,0,5,3,2,1,9,0,0,1
1,1,0,0,3,3,1,1,1,2,4,2,2,3,4,9,27,1,0,0,0,4,0,1,0,5,2,2,1,8,0,0,1
1,0,1,0,3,3,1,3,1,3,1,1,3,3,5,8,34,0,1,0,0,4,0,1,0,2,1,1,1,6,2,0,1
2,0,1,0,3,3,3,3,1,2,4,3,3,3,1,7,40,1,0,0,1,4,0,1,0,5,2,3,1,7,4,0,1
1,1,0,0,3,2,3,3,3,2,3,1,2,3,4,3,23,1,0,0,0,4,0,1,0,5,3,2,1,10,0,0,1
1,0,1,0,3,1,2,3,1,1,3,3,1,3,3,3,55,0,0,1,0,4,0,1,0,5,1,2,1,1,4,0,1
2,0,1,0,3,3,3,1,3,2,2,1,2,3,3,8,23,0,0,0,1,4,0,1,0,5,2,2,2,5,4,0,1
1,1,0,0,3,3,1,3,1,2,3,1,1,3,4,8,26,0,0,0,0,4,0,1,0,1,2,2,1,6,0,3,1
1,1,0,0,3,3,2,2,1,3,3,3,2,3,2,5,60,1,0,0,0,4,0,1,0,5,1,3,1,8,3,0,1
3,0,0,0,1,1,3,1,1,2,2,2,1,2,4,7,32,0,0,0,1,4,0,1,0,1,1,3,1,4,0,3,1
3,0,0,0,3,1,1,2,3,3,2,1,2,3,1,7,35,1,0,0,0,4,0,1,0,1,2,2,2,8,0,4,1
1,1,0,0,1,1,1,3,1,4,3,2,1,2,4,9,45,0,1,0,0,4,0,1,0,5,3,1,1,8,0,0,1
2,0,0,0,1,1,3,3,1,2,2,1,1,3,3,8,19,1,0,0,0,4,0,1,0,5,2,3,2,3,1,2,1
3,0,0,0,1,1,2,2,3,3,4,1,1,2,4,9,25,0,1,0,0,4,0,1,0,3,2,3,2,5,1,1,1
1,0,0,0,1,3,3,3,3,2,2,2,3,2,4,7,18,1,0,0,0,4,0,1,0,4,2,2,1,8,0,0,1
3,0,1,0,1,3,3,1,1,1,4,3,1,1,4,4,40,0,0,0,0,4,0,1,0,4,1,3,1,7,0,3,1
3,0,0,0,1,1,3,2,3,4,4,1,1,2,1,9,42,1,0,0,1,4,0,1,0,3,2,3,1,1,0,4,1
3,0,0,1,3,3,3,3,3,4,3,3,2,1,1,6,25,1,0,0,0,4,0,1,0,3,3,3,1,9,0,0,1
3,0,0,0,3,3,1,1,1,2,4,1,1,3,4,8,22,0,0,0,1,4,0,1,0,2,1,3,2,5,1,3,1
3,0,1,0,1,3,1,3,1,2,3,1,2,3,4,5,52,0,0,0,0,4,0,1,0,4,2,3,2,6,0,4,1
1,0,0,0,3,1,3,3,3,1,2,1,1,3,1,3,39,0,0,1,1,4,0,1,0,5,3,3,2,1,0,0,1
2,0,0,1,1,1,1,3,3,3,2,1,3,3,4,7,24,0,0,0,0,4,0,1,0,5,1,3,2,7,2,0,1
1,0,0,0,3,3,3,3,1,3,3,1,2,3,3,4,20,0,0,0,1,1,0,1,0,5,1,2,1,8,0,1,1
2,0,0,0,3,3,1,1,3,4,4,1,3,3,4,9,27,0,0,0,1,1,0,1,0,2,2,3,2,3,4,0,1
3,0,0,0,3,1,1,3,3,2,4,1,3,1,3,4,35,0,0,1,0,1,0,1,0,3,1,1,1,10,0,4,1
1,1,0,0,3,3,1,3,3,2,2,2,1,2,3,5,20,1,0,0,0,1,0,1,0,1,3,2,2,8,0,2,1
1,1,0,0,1,3,1,3,3,1,4,1,2,3,4,8,30,1,0,0,0,1,0,1,0,5,1,3,1,7,0,0,1
3,0,0,0,1,1,3,3,1,3,1,2,2,3,4,8,24,0,0,0,0,1,0,1,0,3,1,3,2,6,0,2,1
3,1,0,0,3,1,1,1,3,4,3,2,2,3,3,2,33,1,0,0,0,1,0,1,0,5,1,2,1,8,0,1,1
1,1,0,0,3,3,1,3,1,1,1,1,2,3,4,8,38,0,0,0,0,1,0,1,0,3,3,2,1,7,0,0,1
1,1,0,0,3,3,1,3,1,4,3,1,3,3,3,7,48,0,0,0,1,1,0,1,0,4,3,2,1,9,0,0,1
3,0,1,0,3,3,3,3,3,4,3,1,2,3,3,4,58,1,0,0,1,1,0,1,0,5,2,3,1,8,0,2,1
3,0,1,0,1,3,3,3,1,2,1,2,2,4,3,7,46,1,0,0,1,1,0,1,0,4,1,3,2,6,0,4,1
1,0,0,1,1,2,1,3,1,2,3,2,3,2,4,3,35,1,0,0,0,1,0,1,0,5,3,2,2,8,0,0,1
1,1,0,0,1,1,1,3,1,1,2,1,2,2,1,5,30,1,0,0,1,1,0,1,0,4,3,3,2,1,1,0,1
1,1,0,0,1,3,3,1,3,2,4,1,1,3,1,5,60,0,0,0,1,1,0,1,0,1,1,2,1,4,0,0,1
1,1,0,0,1,3,3,3,1,2,4,1,1,2,1,4,48,0,0,1,1,1,0,1,0,5,1,2,2,7,0,0,1
3,0,0,0,1,1,1,3,3,3,1,1,2,3,3,8,32,0,0,0,0,1,0,1,0,2,1,3,2,4,0,4,1
1,0,0,1,3,2,1,3,2,2,4,1,2,3,3,3,40,1,0,0,0,1,0,1,0,5,2,3,1,8,0,0,1
1,0,0,1,3,1,3,1,3,3,2,2,2,3,3,3,43,0,0,1,0,1,0,1,0,4,1,2,2,7,0,0,1
1,1,0,0,1,3,3,3,3,2,2,2,2,2,4,9,24,1,0,0,0,1,0,1,0,5,3,1,1,7,0,0,1
3,1,0,0,3,3,1,3,3,1,4,1,1,3,5,5,29,1,0,0,0,1,0,1,0,5,3,3,1,6,0,2,1
3,0,0,0,3,3,3,1,1,3,1,3,2,3,3,3,23,0,0,1,0,1,0,1,0,5,2,2,1,2,0,0,1
1,0,0,1,3,3,3,3,1,2,3,3,2,3,3,3,59,0,0,1,0,1,0,1,0,5,3,2,1,10,0,0,1
3,0,0,1,1,3,1,1,1,2,2,2,3,3,5,3,37,0,0,1,0,1,0,1,0,4,1,3,1,7,0,0,1
1,0,0,1,1,3,3,3,3,2,1,3,3,2,4,3,50,0,0,1,0,1,0,1,0,2,3,2,1,5,0,0,1
3,0,0,0,3,3,1,3,3,3,3,2,1,3,4,7,19,1,0,0,0,1,0,1,0,2,2,2,2,8,0,3,1
3,0,0,1,2,3,2,3,2,1,2,1,2,3,4,3,28,1,0,0,0,1,0,1,0,3,3,3,2,8,0,4,1
3,0,0,0,3,3,3,1,3,2,3,2,1,2,3,6,21,0,0,0,0,1,0,1,0,3,2,3,1,5,0,2,1
1,1,0,0,3,1,3,3,1,1,2,1,1,1,3,3,36,1,0,0,0,1,0,1,0,5,3,3,1,7,0,0,1
3,0,1,0,3,1,3,1,3,2,2,2,1,2,1,7,60,0,0,0,0,1,0,1,0,1,1,3,1,8,0,2,1
3,0,0,1,3,1,1,1,3,4,3,1,2,1,3,2,47,1,0,1,1,1,0,1,0,1,1,3,1,5,0,2,1
3,1,0,0,3,1,3,3,2,1,4,1,3,3,1,3,32,1,0,0,0,1,0,1,0,5,1,3,1,7,0,2,1
3,0,0,0,1,1,3,1,1,2,3,2,1,1,4,7,22,1,0,0,0,1,0,1,0,5,1,3,1,6,0,3,1
3,0,1,0,3,1,3,1,1,2,3,1,3,2,4,2,34,1,0,0,0,1,0,1,0,5,1,3,1,6,0,0,1
3,0,0,0,1,1,3,3,3,1,1,1,1,2,1,5,23,0,0,0,1,1,0,1,0,2,1,3,2,6,0,2,1
1,1,0,0,1,1,3,1,3,2,3,1,3,3,3,7,29,1,0,0,1,1,0,1,0,5,2,3,2,8,0,0,1
1,0,0,1,1,3,3,1,1,1,3,2,3,2,4,9,37,0,1,0,0,1,0,1,0,5,2,2,2,8,1,1,1
1,1,0,0,1,1,3,3,3,1,4,3,1,3,1,1,49,0,0,1,0,1,0,1,0,5,1,3,2,9,1,2,1
1,1,0,0,1,1,3,3,1,1,4,1,2,1,2,4,32,1,0,0,0,1,0,1,0,1,1,3,2,8,1,1,1
1,1,0,0,3,1,3,1,3,2,3,1,1,3,2,5,37,0,0,0,1,1,0,1,0,5,1,1,2,6,0,1,1
1,1,0,0,1,1,3,1,3,4,1,2,1,1,4,2,58,1,0,0,0,1,0,1,0,5,1,2,2,6,0,0,1
3,0,1,0,3,3,1,1,3,2,1,1,3,2,5,3,48,0,0,1,0,1,0,1,0,3,1,3,2,8,0,2,1
3,1,0,0,3,3,3,1,2,1,2,1,1,1,1,2,30,1,0,0,0,1,0,1,0,3,1,3,1,6,0,0,1
3,0,0,0,3,1,3,1,1,3,3,1,1,1,4,3,20,0,0,1,0,1,0,1,0,4,1,3,1,2,0,2,1
3,1,0,0,1,1,3,3,1,2,3,1,2,3,4,4,30,1,0,0,1,1,0,1,0,3,3,3,2,8,2,2,1
3,1,0,0,1,1,3,3,3,4,4,2,1,3,1,5,38,1,0,0,1,1,0,1,0,3,2,3,2,7,0,4,1
1,1,0,0,3,3,3,3,1,2,3,2,3,3,4,2,32,0,0,1,0,1,0,1,0,3,2,2,1,8,0,0,1
3,1,0,0,1,1,3,3,1,1,3,1,2,1,3,2,56,0,0,1,0,1,0,1,0,4,1,3,2,6,0,4,1
3,1,0,0,1,3,1,3,1,3,2,1,1,3,2,8,38,0,0,0,1,1,0,1,0,2,1,3,1,8,0,4,1
1,1,0,0,3,2,3,3,3,2,3,1,2,2,4,3,28,1,0,0,0,1,0,1,0,5,1,3,2,1,0,4,1
1,0,0,0,1,1,3,3,1,2,2,2,2,2,4,7,20,0,0,1,1,1,0,1,0,5,2,3,1,5,0,4,1
1,1,0,0,3,3,3,3,1,2,3,2,2,3,4,7,29,1,0,1,1,1,0,1,0,4,1,2,2,10,0,0,1
3,0,0,0,3,3,3,3,1,2,2,2,2,1,3,4,23,1,0,0,0,1,0,1,0,5,1,2,1,5,0,1,1
1,1,0,0,1,3,3,3,1,4,1,3,3,3,4,7,59,0,0,0,0,4,0,1,0,2,3,1,1,10,0,0,1
1,1,0,0,3,3,1,3,1,3,2,2,2,2,4,9,30,0,1,0,0,4,0,1,0,1,1,2,1,8,1,1,1
1,0,0,0,1,1,3,3,3,3,3,2,3,3,4,9,19,1,0,0,0,4,0,1,0,4,3,3,2,8,0,0,1
1,0,0,0,3,3,1,3,1,3,3,1,2,3,4,7,18,0,0,0,0,4,0,1,0,5,1,2,2,5,0,0,1
2,1,0,0,1,3,1,3,1,3,2,2,3,1,4,7,24,0,1,0,0,4,0,1,0,2,1,3,1,8,0,0,1
3,0,0,0,1,1,3,3,3,3,3,2,2,3,1,7,21,1,0,0,0,4,0,1,0,1,1,3,1,8,0,4,1
1,1,0,0,1,3,1,3,3,4,2,2,3,3,5,5,32,0,0,0,0,4,0,1,0,4,3,1,1,10,0,0,1
2,1,0,0,3,3,3,3,1,2,3,2,2,3,3,7,27,1,0,0,1,4,0,1,0,3,2,2,2,8,1,0,1
1,1,0,0,1,1,3,3,3,4,3,3,3,3,4,3,35,1,0,0,1,4,0,1,0,2,3,1,1,9,0,0,1
3,0,0,1,1,3,1,3,1,3,2,2,1,3,4,9,24,0,1,0,1,4,0,1,0,3,1,3,1,5,2,0,1
3,0,0,0,3,1,2,1,1,4,3,1,2,3,2,9,36,0,1,0,1,4,0,1,0,2,1,3,2,9,0,1,1
1,1,0,0,1,3,3,3,1,2,2,3,3,3,4,2,58,1,0,0,1,4,0,1,0,3,3,1,1,10,0,0,1
1,1,0,0,3,3,1,3,3,4,3,3,3,3,4,9,24,1,1,0,0,4,0,1,0,1,3,3,2,10,0,0,1
1,1,0,0,1,3,1,3,1,2,3,2,1,3,3,7,43,1,0,0,0,4,0,1,0,5,2,2,1,8,0,0,1
1,1,0,0,3,1,3,3,3,4,2,2,3,3,4,8,30,1,0,0,1,4,0,1,0,3,3,2,1,8,0,0,1
1,1,0,0,3,3,3,3,1,2,4,1,1,3,4,8,27,0,1,0,0,4,0,1,0,2,3,2,1,8,1,0,1
1,0,1,0,1,1,3,1,2,3,2,1,3,2,4,3,33,1,0,0,1,4,0,1,0,5,3,2,1,6,0,0,1
2,1,0,0,3,1,3,3,1,1,4,2,2,2,4,2,60,0,0,0,0,4,0,1,0,5,1,3,2,1,0,3,1
1,0,0,0,1,1,1,3,3,4,2,2,3,3,5,6,18,1,0,0,1,4,0,1,0,5,3,3,1,6,0,0,1
3,0,0,0,3,1,1,3,3,1,3,2,2,3,4,7,19,1,0,0,0,2,0,1,0,2,3,3,2,7,0,4,1
1,0,0,1,1,2,3,3,2,1,3,1,1,1,2,1,40,1,0,0,0,2,0,1,0,5,3,1,2,1,0,0,1
1,0,0,0,1,2,3,3,1,3,3,1,3,4,5,9,18,1,0,0,0,2,0,1,0,4,2,1,2,9,0,0,1
1,1,0,0,1,2,2,1,3,3,3,1,3,3,4,5,30,1,0,0,1,2,0,1,0,5,2,2,1,7,0,0,1
1,1,0,0,3,2,1,3,3,3,3,3,1,3,3,7,49,1,0,0,1,2,0,1,0,2,2,2,1,8,0,0,1
1,1,0,0,1,1,3,3,1,4,2,3,3,3,4,9,57,1,1,0,1,2,0,1,0,5,3,1,1,10,0,0,1
1,1,0,0,1,1,3,3,3,2,3,1,1,3,1,7,27,1,0,0,1,2,0,1,0,6,2,1,2,9,1,0,1
1,1,0,0,1,1,1,3,3,2,3,3,1,3,2,2,49,0,0,1,1,2,0,1,0,4,1,3,1,8,0,2,1
1,1,0,0,3,3,1,1,3,1,3,2,3,2,3,3,38,1,0,0,1,2,0,1,0,5,3,1,2,8,0,0,1
1,0,0,0,3,1,1,3,3,4,3,3,2,2,5,8,22,0,0,0,0,2,0,1,0,5,3,1,2,8,0,0,1
3,0,0,0,1,1,1,3,3,2,3,1,1,3,4,5,19,0,0,1,1,1,0,1,0,5,3,3,2,8,0,0,1
1,1,0,0,1,3,1,1,1,1,2,1,1,2,2,3,44,1,0,0,0,1,0,1,0,5,2,2,1,1,0,0,1
1,1,0,0,3,1,1,3,1,3,4,1,3,3,4,6,28,1,1,0,1,1,0,1,0,6,3,2,2,8,0,0,1
1,1,0,0,3,1,3,3,3,2,2,3,2,3,5,7,23,0,1,0,0,1,0,1,0,5,2,3,2,8,0,0,1
1,1,0,0,3,1,3,3,1,4,3,1,2,1,2,7,34,1,1,0,1,1,0,1,0,3,1,2,1,7,0,0,1
1,1,0,0,1,3,1,3,3,3,3,2,3,3,3,9,33,1,1,0,1,1,0,1,0,3,3,2,2,9,0,0,1
1,1,0,0,3,1,3,3,3,3,2,3,3,2,4,5,38,1,0,0,0,1,0,1,0,5,3,2,2,10,0,0,1
1,0,0,1,3,2,1,3,2,2,3,1,1,1,5,7,25,1,0,0,0,1,0,1,0,4,2,2,1,5,0,0,1
1,0,0,0,3,1,3,3,1,1,3,1,2,4,5,8,23,0,0,0,0,1,0,1,0,1,3,2,1,7,0,1,1
1,1,0,0,3,3,3,3,3,1,2,2,2,3,4,7,54,0,1,0,1,1,0,1,0,2,3,2,2,8,0,0,1
1,1,0,0,1,1,3,3,3,3,3,2,3,2,4,5,35,1,0,0,1,1,0,1,0,5,2,2,2,8,1,1,1
1,1,0,0,1,1,1,1,2,1,2,1,3,2,2,3,38,1,0,0,0,1,0,1,0,5,3,1,1,1,0,0,1
3,1,0,0,3,3,1,3,1,3,3,1,2,3,3,8,29,0,0,0,0,1,0,1,0,5,3,3,1,8,0,0,1
1,0,0,0,3,3,1,3,3,4,4,2,3,3,5,8,20,0,1,0,1,1,0,1,0,5,2,2,1,8,0,0,1
1,0,0,1,3,2,3,3,3,2,3,2,1,2,2,2,35,1,0,0,1,4,0,1,0,5,3,1,1,10,0,0,1
3,0,0,1,1,2,1,3,1,4,3,1,1,1,4,7,30,0,0,0,1,4,0,1,0,5,3,3,1,5,1,2,1
1,1,0,0,3,3,1,3,1,4,2,1,1,1,2,5,54,1,0,0,0,4,0,1,0,3,1,2,1,7,0,0,1
1,1,0,0,3,3,3,3,1,2,2,2,2,3,4,9,32,0,1,0,1,4,0,1,0,5,2,2,2,8,0,0,1
2,1,0,0,3,3,1,1,1,4,3,1,1,2,4,9,29,0,1,0,0,4,0,1,0,5,1,3,2,5,4,0,1
1,1,0,0,1,3,1,3,1,3,1,2,2,2,3,5,58,0,0,0,1,4,0,1,0,5,2,2,1,8,0,0,1
1,0,0,1,3,3,1,3,1,3,3,3,3,3,5,9,24,0,1,0,0,4,0,1,0,3,2,1,1,10,0,1,1
3,1,0,0,3,3,1,3,3,3,2,3,3,3,3,3,50,0,0,1,0,4,0,1,0,4,3,3,1,7,0,0,1
1,1,0,0,1,3,1,1,1,1,2,3,3,2,4,4,49,0,0,1,1,4,0,1,0,5,1,1,1,8,0,0,1
1,0,0,0,3,1,3,3,1,2,3,1,2,2,2,3,21,0,0,1,0,4,0,1,0,5,3,1,1,9,1,2,1
1,0,0,1,1,1,1,3,2,2,3,2,1,2,3,3,24,0,0,1,1,4,0,1,0,5,3,1,1,10,0,0,1
2,0,0,1,3,1,3,3,3,4,3,2,1,2,4,3,42,0,0,0,0,4,0,1,0,5,1,1,1,1,0,4,1
3,0,1,0,1,1,1,3,1,3,1,1,3,3,4,8,46,1,0,0,0,4,0,1,0,5,1,2,2,6,0,4,1
1,1,0,0,3,3,3,3,1,3,3,2,2,2,3,9,40,0,0,0,0,4,0,1,0,1,2,1,1,8,0,0,1
1,1,0,0,3,3,1,3,1,4,3,2,1,3,2,9,35,1,0,0,0,4,0,1,0,5,2,1,1,7,2,0,1
3,0,1,0,3,3,3,1,3,4,3,3,3,4,2,8,24,1,1,0,1,4,0,1,0,5,3,3,2,6,0,3,1
1,1,0,0,3,3,1,3,1,4,4,1,3,2,4,3,40,1,0,0,0,3,0,1,0,1,1,1,1,8,0,0,1
1,1,0,0,3,1,3,3,3,1,3,1,2,2,3,1,55,0,0,1,1,3,0,1,0,3,3,1,1,7,0,2,1
1,1,0,0,3,3,3,3,1,1,3,1,1,2,1,3,44,1,0,0,0,3,0,1,0,3,1,2,1,7,0,1,1
3,1,0,0,1,3,3,3,2,2,3,2,3,2,2,3,30,1,0,1,1,3,0,1,0,1,2,3,2,10,0,4,1
1,1,0,0,3,3,3,3,1,3,3,2,1,2,3,7,27,0,0,1,0,3,0,1,0,2,2,2,1,7,0,3,1
1,1,0,0,3,3,3,3,3,2,4,2,1,3,4,5,50,0,0,0,0,3,0,1,0,2,3,1,2,8,0,0,1
3,0,0,1,3,1,3,3,3,4,4,2,1,2,1,5,33,1,0,0,0,3,0,1,0,4,3,3,2,1,0,4,1
1,1,0,0,3,3,3,3,1,4,2,2,3,3,3,9,26,0,1,0,1,3,0,1,0,2,2,1,1,8,1,0,1
3,0,0,0,1,3,1,1,1,4,2,2,3,3,2,9,22,0,1,0,0,3,0,1,0,5,1,3,2,5,1,2,1
1,1,0,0,1,3,1,3,3,2,2,2,3,2,3,9,36,1,1,0,1,3,0,1,0,5,2,1,1,8,0,0,1
3,1,0,0,3,3,1,3,3,4,3,2,1,1,1,9,42,0,1,0,1,3,0,1,0,1,1,1,1,8,1,2,1
1,0,0,1,1,3,2,1,1,3,3,2,3,3,2,1,45,1,0,0,0,3,0,1,0,2,3,2,1,9,0,0,1
1,1,0,0,3,3,3,1,3,1,1,2,3,2,4,3,58,1,0,0,0,3,0,1,0,5,3,1,1,10,0,0,1
1,1,0,0,1,1,1,3,1,1,3,2,2,2,3,5,27,0,0,1,0,3,0,1,0,1,2,2,1,5,0,0,1
1,1,0,0,1,1,3,3,1,1,1,3,3,3,2,2,57,1,0,0,0,3,0,1,0,5,2,3,1,8,0,0,1
2,0,1,0,3,3,3,3,1,1,3,2,1,2,3,9,30,0,1,0,0,3,0,1,0,5,1,3,1,1,2,1,1
3,1,0,0,3,1,3,3,3,3,2,1,2,3,3,8,30,0,0,1,1,3,0,1,0,3,2,1,1,6,0,1,1
3,1,0,0,3,3,1,3,1,4,2,3,2,3,4,2,35,0,0,0,0,3,0,1,0,5,2,2,2,7,0,3,1
1,0,0,1,3,3,1,1,1,2,2,3,3,2,4,9,45,0,1,0,1,3,0,1,0,2,3,1,1,7,0,0,1
1,1,0,0,3,2,1,3,3,2,3,2,1,2,2,2,56,1,0,0,1,3,0,1,0,3,3,3,1,1,0,3,1
2,1,0,0,3,3,3,3,1,3,2,2,2,3,2,6,24,1,0,0,0,3,0,1,0,4,1,3,2,6,0,1,1
1,1,0,0,3,3,1,3,3,3,2,1,3,3,4,8,25,1,0,0,1,3,0,1,0,4,3,1,1,7,0,0,1
3,1,0,0,3,1,3,3,3,3,4,2,2,4,2,7,25,1,0,0,0,3,0,1,0,5,1,3,1,8,0,4,1
1,1,0,0,1,3,3,3,3,4,3,2,2,2,3,5,38,0,0,1,1,3,0,1,0,6,3,2,1,8,0,2,1
3,0,1,0,1,1,3,3,1,3,1,3,1,2,2,6,50,0,0,0,0,3,0,1,0,4,3,3,2,7,0,3,1
3,1,0,0,3,2,3,3,1,1,3,2,1,2,1,3,27,1,0,0,0,3,0,1,0,5,3,3,1,8,0,4,1
1,0,0,0,1,1,1,3,3,3,1,3,2,3,4,6,19,1,0,0,0,3,0,1,0,5,3,3,2,5,0,3,1
3,1,0,0,1,1,1,3,3,4,3,2,1,3,4,5,38,1,0,0,0,1,0,1,0,5,3,3,1,8,0,2,1
1,1,0,0,1,2,1,3,3,3,3,2,3,2,2,3,45,1,0,0,0,1,0,1,0,5,3,1,1,9,0,0,1
3,0,0,0,3,1,3,1,3,4,2,2,3,3,4,7,20,0,0,1,0,1,0,1,0,1,1,3,2,5,0,4,1
1,1,0,0,1,3,1,3,3,3,3,2,1,3,2,3,33,0,0,1,0,1,0,1,0,4,2,2,2,8,0,0,1
1,1,0,0,1,1,3,3,3,3,3,3,3,3,4,5,20,1,0,0,0,1,0,1,0,1,3,2,1,7,0,1,1
1,0,0,1,3,1,3,1,3,3,2,1,1,3,2,9,30,1,1,0,1,1,0,1,0,4,1,3,1,6,0,1,1
1,0,0,0,3,3,3,3,3,2,3,3,3,3,4,5,22,0,0,0,0,1,0,1,0,5,2,1,1,10,0,0,1
1,1,0,0,1,1,3,1,3,2,3,3,1,3,4,2,54,0,0,1,1,1,0,1,0,5,3,2,2,8,0,4,1
1,0,0,0,3,1,3,3,3,3,3,2,2,2,1,5,20,0,0,1,0,1,0,1,0,5,2,1,1,8,0,0,1
1,0,0,0,3,3,3,1,1,3,3,2,2,2,3,5,53,1,0,0,1,1,0,1,0,4,1,2,2,5,0,1,1
1,0,0,0,3,3,3,3,3,4,2,3,3,3,5,6,18,0,0,0,1,1,0,1,0,5,3,1,1,10,0,0,1
1,0,0,0,3,3,1,3,1,4,4,3,1,3,2,8,22,1,1,0,1,1,0,1,0,4,3,2,1,9,0,1,1
1,1,0,0,3,1,3,3,3,1,3,1,1,1,1,4,54,1,0,0,0,1,0,1,0,6,1,2,1,7,1,1,1
1,0,0,1,3,1,3,3,3,1,4,3,1,3,4,3,26,0,0,1,1,1,0,1,0,5,1,3,1,5,1,1,1
3,1,0,0,3,1,3,3,3,2,4,1,1,2,1,2,45,1,0,0,1,1,0,1,0,5,3,1,1,7,0,3,1
1,1,0,0,3,3,3,3,3,4,2,2,1,3,3,7,34,0,0,0,1,1,0,1,0,5,3,1,1,8,0,0,1
1,1,0,0,3,3,3,3,1,3,3,2,2,3,4,8,38,0,1,0,1,1,0,1,0,4,1,1,1,9,0,1,1
3,0,0,0,1,3,1,3,3,4,2,2,2,3,4,7,22,1,0,0,1,1,0,1,0,6,2,3,1,7,0,4,1
3,1,0,0,3,3,3,3,3,1,3,3,2,2,4,8,34,0,0,0,0,1,0,1,0,5,3,3,1,8,0,1,1
3,0,0,0,3,1,3,2,3,1,4,3,1,3,4,3,27,1,0,1,1,1,0,1,0,5,1,3,1,5,1,1,1
1,1,0,0,3,1,1,3,3,4,4,4,3,3,5,7,43,0,0,1,0,1,0,1,0,4,3,1,2,10,0,0,1
3,1,0,0,1,2,3,3,1,1,3,1,2,3,2,2,52,1,0,0,0,1,0,1,0,5,2,3,2,5,0,0,1
2,0,1,0,3,3,3,3,3,3,2,2,3,2,2,7,35,0,0,0,0,1,0,1,0,5,1,2,2,6,0,4,1
3,0,0,0,3,3,1,1,3,1,2,4,1,1,3,6,18,0,0,0,0,1,0,1,0,5,3,3,1,7,1,0,1
1,1,0,0,3,3,3,3,1,3,2,3,2,3,4,9,28,0,1,0,1,1,0,1,0,5,2,1,2,8,0,0,1
3,0,0,0,3,1,3,3,1,2,3,1,2,2,2,8,20,1,0,0,0,1,0,1,0,4,2,2,2,8,0,2,1
1,1,0,0,3,3,3,3,3,2,4,2,3,3,4,9,38,0,1,0,1,1,0,1,0,3,3,3,1,6,0,1,1
2,0,1,0,3,3,1,1,3,3,3,2,1,2,2,4,32,0,0,0,1,1,0,1,0,5,3,3,1,6,1,1,1
3,0,0,0,1,1,3,3,3,4,3,1,3,2,4,6,20,0,0,0,0,1,0,1,0,2,1,3,1,8,0,4,1
3,0,0,0,1,2,3,3,3,4,3,2,1,3,2,9,21,1,0,0,0,1,0,1,0,5,2,1,1,9,0,0,1
1,1,0,0,3,1,1,3,1,4,2,2,1,3,3,3,31,1,0,0,1,1,0,1,0,1,3,1,1,10,1,0,1
1,1,0,0,1,1,1,3,1,4,3,3,2,3,4,7,60,1,0,0,1,1,0,1,0,6,1,3,1,9,0,1,1
2,1,0,0,1,3,3,3,1,1,3,2,3,3,5,7,26,0,0,1,0,1,0,1,0,1,1,2,2,8,0,0,1
3,0,0,0,1,1,3,3,3,2,2,3,1,3,4,9,26,1,1,0,0,1,0,1,0,5,2,2,1,6,0,1,1
1,0,0,1,1,3,3,3,3,2,3,2,3,3,2,2,55,1,0,0,1,1,0,1,0,5,3,1,1,10,0,0,1
1,1,0,0,1,1,2,1,3,3,3,1,3,2,1,7,25,1,1,0,1,1,0,1,0,5,3,1,2,7,0,0,1
3,0,0,0,1,1,3,3,3,4,4,3,2,3,4,5,19,0,0,0,0,1,0,1,0,2,1,3,1,6,0,0,1
3,0,0,0,1,1,1,1,3,4,3,3,1,3,4,4,23,1,0,0,0,1,0,1,0,5,1,3,1,8,0,0,1
1,1,0,0,3,3,1,1,3,1,2,2,1,2,4,3,34,1,0,0,0,1,0,1,0,6,2,1,1,5,0,0,1
3,0,0,0,3,1,1,3,1,1,3,2,1,2,2,7,21,0,0,1,0,1,0,1,0,6,3,3,2,8,0,0,1
2,0,1,0,1,3,1,3,3,2,3,3,2,1,4,2,44,1,0,0,0,1,0,1,0,5,1,3,1,8,0,0,1
3,1,0,0,3,1,1,1,1,3,3,1,1,1,1,2,47,0,0,1,0,1,0,1,0,6,1,3,1,8,0,4,1
1,1,0,0,2,2,1,3,1,2,3,3,3,3,4,3,25,0,0,1,0,1,0,1,0,5,3,1,1,8,0,0,1
1,1,0,0,1,1,3,1,3,2,1,2,2,2,1,3,52,1,0,0,0,1,0,1,0,5,1,1,2,5,0,1,1
3,1,0,0,1,3,1,3,1,3,3,3,2,3,4,3,32,0,0,1,0,1,0,1,0,5,1,3,2,8,0,0,1
3,1,0,0,1,3,3,3,1,2,1,3,1,2,2,2,50,0,0,1,0,1,0,1,0,5,1,3,1,5,0,0,1
1,1,0,0,3,2,2,3,2,1,4,2,1,3,1,5,28,1,0,0,0,1,0,1,0,6,3,3,1,10,0,0,1
1,1,0,0,2,2,1,3,3,4,2,3,3,3,4,6,27,0,0,0,0,1,0,1,0,3,1,2,2,8,0,0,1
1,1,0,0,3,1,3,3,1,2,2,2,1,2,1,3,50,0,0,0,0,1,0,1,0,5,3,1,1,8,0,1,1
2,0,1,0,1,3,1,1,1,1,3,1,2,1,5,2,47,1,0,0,0,4,0,1,0,5,2,3,1,8,4,0,1
2,0,1,0,1,3,1,1,1,3,4,1,2,3,2,4,46,0,0,0,0,4,0,1,0,6,1,2,2,5,4,0,1
1,0,0,0,1,2,1,3,2,1,3,2,1,3,4,3,22,1,0,0,0,4,0,1,0,3,3,1,1,10,0,0,1
1,1,0,0,1,1,1,3,3,2,3,1,2,3,2,3,27,1,0,0,0,4,0,1,0,5,3,2,1,7,1,0,1
2,0,0,0,3,3,1,3,1,3,2,2,2,3,4,8,22,0,0,0,0,4,0,1,0,5,1,2,1,5,3,0,1
1,0,0,0,1,3,1,3,1,4,2,3,2,3,4,7,22,0,0,1,0,4,0,1,0,5,2,2,1,8,1,1,1
2,1,0,0,1,3,1,3,1,3,4,2,1,2,4,4,26,1,0,0,1,4,0,1,0,2,3,3,1,7,4,0,1
1,1,0,0,3,3,1,1,1,4,2,1,2,3,4,5,33,0,0,1,1,4,0,1,0,5,2,3,1,5,0,0,1
1,1,0,0,1,2,1,1,1,3,3,2,1,2,2,2,47,0,0,1,1,4,0,1,0,5,1,3,2,6,2,0,1
2,0,1,0,3,1,3,3,1,2,3,1,2,2,2,2,28,1,0,0,1,4,0,1,0,5,3,2,1,10,0,0,1
2,0,0,0,2,3,3,3,3,3,3,2,2,3,3,9,39,1,0,0,0,4,0,1,0,3,1,3,1,7,3,0,1
1,1,0,0,1,3,1,3,1,3,2,3,3,3,4,9,47,0,1,0,0,4,0,1,0,4,3,1,2,7,0,0,1
1,0,0,1,3,1,1,3,3,1,2,2,3,2,3,5,30,1,0,0,0,4,0,1,0,4,2,1,2,9,0,0,1
2,0,0,0,3,2,1,3,3,3,4,3,3,3,3,8,21,0,0,0,0,4,0,1,0,1,3,3,2,7,3,0,1
1,0,0,0,1,3,2,3,3,1,1,1,1,3,2,7,22,1,0,0,0,4,0,1,0,5,3,2,1,9,0,0,1
1,0,0,0,1,3,1,3,1,4,4,1,1,3,4,8,23,0,0,0,0,4,0,1,0,6,3,2,2,10,0,0,1
1,1,0,0,3,1,1,1,3,1,3,1,3,3,4,3,47,1,0,0,1,4,0,1,0,5,1,2,1,6,1,0,1
2,1,0,0,1,2,3,3,1,3,2,1,2,2,3,3,50,1,0,0,0,4,0,1,0,5,1,2,2,5,2,0,1
1,0,0,0,3,3,1,3,1,3,3,2,3,3,4,8,20,0,0,0,1,4,0,1,0,4,3,1,1,8,0,0,1
1,1,0,0,1,3,3,3,1,4,2,3,2,3,4,9,31,0,1,0,0,4,0,1,0,2,3,2,2,9,0,1,1
1,1,0,0,1,3,1,1,3,2,2,2,3,3,5,3,24,1,0,0,0,4,0,1,0,4,2,2,1,9,0,0,1
1,1,0,0,1,3,1,1,3,3,4,4,2,1,2,3,52,1,0,0,1,4,0,1,0,5,3,1,1,9,0,0,1
1,1,0,0,1,3,1,3,1,2,3,3,3,3,3,3,35,0,0,0,0,4,0,1,0,5,3,1,2,9,0,0,1
2,1,0,0,1,3,3,1,1,2,2,3,1,3,4,7,34,0,1,0,1,2,0,1,0,2,1,3,1,8,1,1,1
1,1,0,0,1,2,1,3,3,2,2,2,2,3,4,7,24,0,0,1,1,2,0,1,0,4,3,2,2,8,0,0,1
1,1,0,0,1,3,1,1,3,3,2,3,1,3,4,4,24,0,0,1,1,2,0,1,0,4,3,2,1,8,0,0,1
2,1,0,0,3,2,1,1,1,2,4,1,2,3,2,2,39,0,0,1,0,2,0,1,0,5,1,2,1,7,3,0,1
1,1,0,0,1,3,3,3,1,2,2,2,2,3,4,3,24,1,0,0,0,2,0,1,0,5,2,2,1,10,0,0,1
1,1,0,0,3,3,1,3,3,2,4,3,3,3,4,2,40,1,0,0,1,2,0,1,0,6,3,3,1,8,2,0,1
1,1,0,0,3,1,1,1,2,2,2,2,3,2,4,5,27,1,0,0,0,2,0,1,0,5,2,1,1,5,0,0,1
1,0,0,0,1,3,1,3,1,2,3,3,2,3,4,5,21,1,0,0,0,2,0,1,0,5,3,2,1,8,0,0,1
1,0,0,0,1,3,1,3,3,2,3,3,3,3,4,5,19,1,0,0,1,2,0,1,0,5,3,3,1,9,0,0,1
1,0,0,0,1,1,1,1,1,2,3,1,2,3,3,6,18,0,0,0,0,2,0,1,0,5,3,2,1,7,2,0,1
1,1,0,0,1,1,3,3,1,1,3,1,1,2,1,2,49,1,0,0,0,2,0,1,0,5,2,3,2,6,0,0,1
1,1,0,0,1,1,1,3,1,2,3,3,3,3,2,3,60,0,0,0,0,2,0,1,0,5,2,1,1,10,0,0,1
1,1,0,0,1,3,3,1,1,1,3,2,3,3,4,2,41,0,0,0,0,2,0,1,0,3,1,3,1,8,0,0,1
1,1,0,0,1,3,1,3,1,4,3,2,1,2,4,3,45,0,0,1,1,2,0,1,0,1,1,3,2,7,3,0,1
1,1,0,0,3,3,1,3,1,2,3,2,1,3,4,3,39,1,0,0,1,2,0,1,0,5,3,1,2,7,0,0,1
1,1,0,0,3,3,1,3,1,4,3,3,2,3,4,3,30,1,0,0,0,2,0,1,0,2,3,3,2,10,0,0,1
1,1,0,0,3,1,1,3,3,2,2,3,2,3,4,3,27,1,0,0,0,2,0,1,0,5,3,2,2,8,0,0,1
2,0,0,0,3,3,1,1,1,2,4,2,2,2,3,8,22,0,0,0,0,2,0,1,0,3,1,3,2,3,4,0,1
1,1,0,0,1,3,1,3,3,2,3,3,2,3,3,9,38,0,1,0,0,2,0,1,0,5,3,1,1,8,1,0,1
1,1,0,0,1,3,1,3,2,3,1,1,1,2,2,3,44,1,0,0,0,2,0,1,0,5,3,2,1,8,0,0,1
1,1,0,0,1,2,2,3,2,1,1,2,1,3,4,3,60,0,0,1,1,2,0,1,0,6,2,1,1,7,0,0,1
2,1,0,0,3,3,3,3,1,1,3,2,3,3,3,9,25,1,1,0,1,2,0,1,0,1,1,3,2,8,4,0,1
1,1,0,0,3,1,3,1,3,2,3,2,2,2,2,9,34,1,1,0,0,2,0,1,0,5,2,3,1,7,1,0,1
1,0,0,0,3,1,1,3,3,1,3,3,2,3,1,8,19,1,0,0,0,2,0,1,0,5,2,3,1,8,0,0,1
1,0,0,0,1,3,1,3,3,2,3,2,2,3,4,6,18,1,0,0,0,2,0,1,0,1,3,3,1,7,0,2,1
1,1,0,0,1,1,3,3,1,2,3,3,3,3,5,3,49,0,1,0,1,2,0,1,0,6,1,2,2,10,0,0,1
2,1,0,0,1,3,3,3,1,4,3,3,2,3,3,2,40,0,0,0,0,2,0,1,0,5,1,2,1,5,1,1,1
3,0,0,0,1,3,1,3,1,2,3,2,1,2,4,2,49,0,0,1,0,2,0,1,0,1,1,2,1,5,0,1,1
1,0,0,1,3,3,3,1,1,1,3,2,1,2,3,3,34,1,0,0,1,2,0,1,0,5,1,2,2,1,1,0,1
1,1,0,0,3,3,3,3,1,4,2,1,1,2,2,9,55,0,0,0,1,2,0,1,0,2,1,1,1,9,0,0,1
1,1,0,0,1,3,3,3,3,4,2,2,3,3,3,9,44,0,1,0,1,2,0,1,0,1,3,2,2,8,0,0,1
1,0,0,0,1,3,3,3,3,2,2,3,3,3,4,5,22,0,0,1,0,2,0,1,0,5,1,3,1,8,3,0,1
1,1,0,0,1,3,1,1,3,1,3,3,3,3,3,2,35,1,0,0,0,1,0,1,0,5,3,2,2,5,0,0,1
1,1,0,0,3,3,3,3,3,1,3,3,2,3,4,5,27,0,0,1,0,1,0,1,0,1,3,3,1,7,3,0,1
1,1,0,0,3,3,3,3,3,4,3,2,3,3,4,9,52,1,1,0,1,1,0,1,0,6,3,1,1,9,0,0,1
2,0,1,0,1,3,3,3,3,2,3,2,1,4,2,5,24,0,0,0,0,1,0,1,0,5,1,3,1,2,3,0,1
1,1,0,0,1,3,3,3,3,1,3,3,2,3,4,7,25,1,0,0,1,1,0,1,0,6,3,2,1,10,0,0,1
1,0,0,0,1,3,1,3,1,2,2,3,2,3,4,9,19,1,0,0,0,1,0,1,0,5,1,2,1,8,0,0,1
1,1,0,0,3,3,1,3,1,2,3,3,3,3,4,3,47,0,0,0,0,1,0,1,0,6,1,1,1,10,0,0,1
1,0,0,0,1,3,1,3,3,2,3,2,1,3,2,8,20,0,0,0,1,1,0,1,0,5,1,2,1,10,1,0,1
1,1,0,0,1,3,3,3,1,3,3,2,1,2,2,9,27,0,1,0,1,1,0,1,0,5,1,3,1,6,3,0,1
1,1,0,0,3,1,3,2,2,3,3,2,2,3,3,5,34,1,0,0,0,1,0,1,0,6,3,2,2,8,1,0,1
1,1,0,0,3,3,1,3,1,2,3,3,2,3,3,7,27,0,0,1,1,1,0,1,0,5,2,2,2,7,0,0,1
1,1,0,0,3,3,1,3,1,2,3,2,1,2,3,5,38,1,0,0,0,1,0,1,0,5,1,3,1,7,1,0,1
1,1,0,0,1,3,1,3,3,3,1,3,3,3,4,9,48,0,1,0,0,1,0,1,0,5,3,1,1,8,0,0,1
1,1,0,0,1,3,1,3,3,2,1,3,2,3,3,2,43,0,0,0,0,1,0,1,0,3,2,2,2,8,0,0,1
1,1,0,0,3,1,3,3,3,1,1,1,2,4,4,9,24,1,1,0,1,1,0,1,0,1,1,2,2,5,1,0,1
1,1,0,0,1,1,3,3,2,4,3,3,1,3,2,2,35,0,0,1,0,1,0,1,0,2,3,3,2,8,0,0,1
2,0,0,0,1,3,1,3,3,1,3,2,2,3,3,8,21,1,0,0,0,1,0,1,0,5,1,3,1,5,3,0,1
2,0,1,0,1,1,1,3,3,1,3,2,1,2,2,3,36,1,0,0,0,1,0,1,0,5,2,3,1,5,4,0,1
2,0,1,0,1,3,1,1,3,1,3,3,3,1,5,7,31,0,1,0,1,1,0,1,0,1,2,3,2,3,4,0,1
1,1,0,0,1,3,1,3,1,2,2,2,2,3,2,5,34,0,0,0,1,1,0,1,0,2,2,2,2,7,0,0,1
1,1,0,0,1,3,1,3,3,2,3,2,3,3,5,3,49,1,0,0,0,1,0,1,0,5,3,2,1,10,0,0,1
1,1,0,0,3,1,1,3,1,2,3,2,3,2,3,2,62,0,0,1,0,5,0,0,1,1,2,2,1,6,1,3,1
3,0,1,0,3,1,3,1,3,1,4,1,2,1,4,4,26,0,0,0,0,5,0,0,1,3,1,1,1,8,0,1,1
1,1,0,0,1,1,1,3,1,2,3,1,2,3,4,2,32,0,0,0,0,5,0,0,1,3,3,1,1,8,0,4,1
2,0,1,0,1,2,3,1,1,2,3,2,2,2,3,8,35,0,0,1,0,5,0,0,1,3,1,1,2,3,2,1,1
3,0,0,1,3,2,3,1,1,3,3,1,3,1,4,7,19,0,0,0,0,5,0,0,1,5,1,2,1,7,0,3,1
1,0,0,1,3,3,1,3,3,2,2,3,3,3,5,3,25,1,0,0,0,5,0,0,1,5,3,2,1,8,0,0,1
3,0,0,1,3,1,3,1,1,3,2,3,1,2,4,8,19,0,0,0,0,5,0,0,1,5,1,3,2,2,0,4,1
3,0,0,0,3,3,3,3,3,1,4,1,1,3,4,3,36,1,0,0,0,5,0,0,1,5,3,3,2,1,0,3,1
2,0,1,0,3,3,1,3,1,1,3,1,2,1,4,5,36,0,0,0,0,5,0,0,1,6,2,2,1,4,3,0,1
3,0,1,0,1,3,1,3,1,1,4,1,2,3,3,5,36,0,0,0,0,5,0,0,1,2,1,3,1,6,0,0,1
3,0,1,0,3,1,3,1,3,1,3,2,1,3,3,6,38,0,0,1,0,5,0,0,1,2,2,3,1,5,0,2,1
3,0,1,0,1,3,3,3,3,1,3,2,1,3,4,2,51,0,0,0,0,5,0,0,1,3,3,3,2,8,0,3,1
3,0,0,0,1,3,1,1,1,2,3,2,1,2,5,9,35,0,1,0,1,5,0,0,1,1,1,3,2,5,3,0,1
1,1,0,0,1,1,3,3,3,1,3,3,2,3,3,2,59,0,0,0,1,5,0,0,1,5,3,1,2,10,0,0,1
1,1,0,0,3,1,3,1,3,4,3,2,3,1,4,5,57,0,0,0,1,5,0,0,1,1,3,1,1,8,1,0,1
3,0,0,0,3,3,3,1,1,2,1,3,2,3,2,5,37,1,0,0,0,5,0,0,1,2,1,2,1,5,1,0,1
1,1,0,0,1,1,3,3,1,1,2,4,1,3,4,2,70,1,0,0,0,5,0,0,1,5,1,2,2,9,0,0,1
1,1,0,0,3,1,2,3,1,1,3,2,1,2,5,2,47,1,0,0,0,5,0,0,1,3,1,1,2,9,1,0,1
1,1,0,0,3,3,3,3,3,1,1,2,2,2,2,5,25,1,0,0,0,5,0,0,1,5,3,2,1,8,2,0,1
2,0,0,0,3,3,1,3,1,4,3,3,3,3,5,8,22,1,0,0,0,5,0,0,1,2,1,1,1,7,2,0,1
2,0,1,0,1,1,1,3,3,3,2,1,1,2,4,4,24,1,0,0,0,5,0,0,1,5,2,3,2,10,0,0,1
1,1,0,0,1,3,1,1,2,2,2,1,1,2,1,3,37,1,0,0,0,5,0,0,1,2,1,1,1,6,0,0,1
1,1,0,0,1,1,1,3,1,3,2,2,3,2,5,1,43,1,0,0,0,5,0,0,1,1,1,3,1,5,0,0,1
1,1,0,0,3,3,1,3,1,2,2,3,2,3,4,5,30,1,0,0,1,5,0,0,1,3,3,1,2,8,0,0,1
1,1,0,0,1,3,3,1,3,1,3,3,2,3,2,1,40,1,0,0,0,5,0,0,1,2,1,1,1,10,0,0,1
3,1,0,0,1,3,3,1,3,2,3,2,3,2,4,3,40,1,0,0,0,5,0,0,1,5,2,3,2,6,0,2,1
2,1,0,0,3,3,1,3,1,2,3,2,2,2,2,3,38,1,0,0,0,5,0,0,1,5,3,3,2,5,2,0,1
1,1,0,0,1,3,1,1,3,3,3,2,2,2,1,5,56,1,0,0,0,5,0,0,1,5,1,3,2,5,0,2,1
2,0,1,0,3,1,1,3,3,1,3,1,1,3,3,9,30,1,1,0,1,5,0,0,1,3,1,3,2,8,2,0,1
1,1,0,0,1,1,1,1,1,2,2,2,3,2,5,3,57,0,0,0,0,5,0,0,1,5,3,3,2,8,0,0,1
3,1,0,0,1,3,3,1,1,4,2,3,3,3,4,6,24,0,0,1,0,5,0,0,1,5,3,3,1,8,0,0,1
3,0,0,0,1,1,3,1,1,2,4,2,2,2,2,7,21,0,0,0,0,5,0,0,1,2,3,3,1,8,4,0,1
1,1,0,0,3,1,3,3,3,3,3,3,2,2,2,9,53,0,1,0,0,5,0,0,1,5,3,2,1,8,1,2,1
1,0,0,0,3,1,3,1,1,2,3,4,2,3,3,7,20,0,0,0,0,5,0,0,1,3,1,1,2,5,0,0,1
1,1,0,0,3,1,3,1,1,2,3,2,3,2,3,6,30,0,0,0,0,5,0,0,1,3,3,2,1,6,0,0,1
1,0,0,0,3,3,3,2,1,4,2,2,3,3,5,8,21,0,0,0,0,5,0,0,1,5,3,1,1,8,1,0,1
2,0,0,0,3,3,1,3,1,3,3,2,2,3,1,8,19,0,0,0,0,5,0,0,1,1,1,2,2,6,1,1,1
3,0,0,0,3,1,3,1,3,3,3,2,2,3,3,9,29,0,0,0,0,5,0,0,1,1,1,3,1,2,1,0,1
1,1,0,0,3,3,3,3,1,3,2,2,3,3,4,4,60,0,1,0,0,5,0,0,1,5,2,1,1,6,0,0,1
1,1,0,0,3,3,1,3,3,1,3,2,1,3,5,5,44,0,0,1,0,5,0,0,1,1,3,3,1,5,1,0,1
1,1,0,0,1,3,3,3,1,2,2,2,3,2,4,3,58,0,0,0,0,5,0,0,1,6,2,3,2,10,0,0,1
1,1,0,0,1,3,3,3,1,1,4,2,3,3,4,5,50,0,0,0,0,5,0,0,1,3,2,3,2,9,0,0,1
1,1,0,0,3,3,1,3,1,3,2,1,3,2,4,9,37,0,1,0,0,5,0,0,1,3,2,1,1,7,0,0,1
3,0,0,1,1,3,3,1,3,1,3,2,1,3,4,5,28,0,1,0,0,5,0,0,1,1,1,3,2,1,0,4,1
1,0,0,0,1,3,1,3,1,2,3,1,1,2,1,5,59,0,0,0,0,5,0,0,1,2,1,3,1,1,0,0,1
2,0,0,0,3,3,1,2,1,1,3,2,1,3,2,7,23,0,0,0,0,5,0,0,1,2,1,3,1,5,2,0,1
3,0,0,0,1,2,3,1,3,4,2,1,1,3,3,8,26,0,0,0,0,5,0,0,1,1,2,3,1,1,0,3,1
1,1,0,0,3,3,1,3,3,2,3,3,2,3,3,4,74,0,0,0,1,5,0,0,1,5,2,2,2,5,0,0,1
3,1,0,0,3,2,1,3,3,2,1,1,1,3,2,5,32,0,0,0,1,5,0,0,1,2,3,3,2,8,0,1,1
2,0,1,0,3,2,3,3,1,1,2,2,2,3,4,7,60,0,0,0,0,5,0,0,1,1,2,3,2,5,0,1,1
3,0,0,0,1,3,3,2,1,1,3,1,2,3,2,9,55,0,1,0,0,5,0,0,1,5,1,3,2,1,0,0,1
1,0,0,1,1,3,1,3,3,2,2,3,2,3,5,7,30,0,0,0,0,5,0,0,1,5,2,2,2,7,0,0,1
3,0,0,0,1,2,1,1,3,2,2,2,2,3,2,7,22,0,0,0,0,5,0,0,1,5,2,3,1,7,0,1,1
2,0,1,0,3,3,1,3,1,4,2,2,2,3,4,9,41,0,1,0,0,5,0,0,1,2,1,3,2,2,3,0,1
3,1,0,0,3,3,1,3,1,4,3,3,2,3,4,5,39,0,0,0,1,5,0,0,1,4,3,3,2,8,0,0,1
3,1,0,0,3,1,3,1,3,4,3,1,3,2,5,7,40,0,0,1,1,5,0,0,1,1,1,3,2,1,0,4,1
2,0,1,0,3,3,1,3,1,4,4,1,1,2,4,9,54,0,1,0,0,5,0,0,1,3,2,3,1,1,3,0,1
1,0,0,0,3,3,3,3,3,3,3,1,3,3,4,9,22,0,1,0,0,5,0,0,1,4,3,2,2,8,0,0,1
3,0,1,0,1,3,3,3,3,1,2,2,2,2,3,5,54,0,0,0,0,5,0,0,1,4,2,2,2,5,1,1,1
1,1,0,0,3,3,1,1,1,1,3,3,2,2,3,3,40,0,0,0,0,5,0,0,1,4,3,2,1,8,0,0,1
3,0,0,0,1,3,1,1,3,4,2,1,2,1,4,9,30,0,0,0,1,5,0,0,1,1,2,3,1,5,0,4,1
2,0,0,0,3,1,1,3,3,3,3,2,1,3,3,7,19,0,0,0,0,5,0,0,1,4,1,3,2,8,1,1,1
3,0,0,1,3,1,3,3,3,4,2,1,2,2,3,5,55,0,0,0,0,5,0,0,1,1,2,3,2,4,1,2,1
1,0,0,0,3,3,3,3,3,4,4,2,2,3,5,9,23,0,0,0,0,5,0,0,1,2,1,1,2,5,1,1,1
3,0,0,0,3,2,3,1,3,4,4,2,1,2,5,9,28,0,1,0,0,5,0,0,1,1,1,3,1,1,0,2,1
2,0,1,0,3,1,3,3,3,1,2,1,1,2,4,2,34,1,0,1,0,5,0,0,1,2,2,2,2,1,3,0,1
2,1,0,0,3,3,1,3,1,2,3,2,3,3,5,7,30,1,0,0,0,5,0,0,1,5,1,3,1,9,0,4,1
3,1,0,0,3,3,3,3,1,4,3,1,3,2,5,7,33,1,0,0,0,5,0,0,1,5,2,3,2,7,0,1,1
1,1,0,0,3,3,3,3,1,2,3,1,2,2,5,7,28,1,0,0,0,5,0,0,1,3,2,1,1,2,1,0,1
2,1,0,0,3,3,3,1,1,1,3,2,2,3,2,2,53,1,0,0,0,5,0,0,1,4,2,3,1,8,0,0,1
3,1,0,0,3,2,3,1,1,2,3,3,1,2,2,9,36,1,1,0,0,5,0,0,1,3,2,2,1,7,0,1,1
2,0,1,0,3,1,3,1,1,4,2,3,1,2,4,7,27,1,0,0,0,5,0,0,1,2,1,2,2,6,3,1,1
1,0,0,0,1,3,3,1,1,2,2,4,2,2,3,3,30,1,0,0,0,5,0,0,1,4,3,2,2,9,2,0,1
1,0,0,0,1,2,3,1,2,1,3,3,2,2,3,6,22,1,1,0,0,5,0,0,1,5,1,1,2,7,4,0,1
2,0,1,0,3,3,1,1,3,4,3,1,3,3,3,5,54,1,0,0,1,5,0,0,1,5,1,3,1,5,4,0,1
2,0,1,0,3,3,1,3,1,4,2,2,1,3,1,7,65,1,0,0,0,5,0,0,1,5,3,1,1,7,0,0,1
3,0,0,0,1,1,3,3,2,2,3,2,1,3,4,7,20,1,1,0,0,5,0,0,1,4,1,2,2,7,0,3,1
2,1,0,0,3,3,1,3,1,2,2,3,2,3,3,5,77,1,0,0,0,5,0,0,1,5,2,2,2,8,0,1,1
3,1,0,0,1,3,1,3,1,3,2,2,3,2,5,8,53,1,0,0,1,5,0,0,1,5,1,3,2,8,0,1,1
3,0,0,0,1,3,3,3,3,3,3,1,1,2,2,7,21,1,0,0,0,5,0,0,1,1,2,2,2,1,0,1,1
3,0,0,1,3,3,3,3,1,2,4,2,2,3,4,8,24,1,0,0,1,5,0,0,1,1,2,3,2,4,0,2,1
2,0,1,0,3,3,1,3,1,2,3,1,1,2,2,3,27,1,0,0,0,5,0,0,1,1,3,3,1,1,3,0,1
3,0,0,0,3,3,3,1,1,4,2,2,2,2,2,9,40,1,1,0,1,5,0,0,1,3,2,2,2,5,0,0,1
3,0,1,0,1,3,1,3,1,1,2,1,1,1,1,3,60,1,0,0,1,5,0,0,1,5,2,2,2,1,0,4,1
3,0,0,1,3,2,3,3,3,2,2,1,3,3,5,8,24,1,0,0,0,5,0,0,1,5,1,3,1,2,0,0,1
3,1,0,0,3,2,3,3,3,4,2,2,2,2,2,8,41,1,0,0,0,5,0,0,1,5,1,3,2,6,0,1,1
1,0,1,0,1,1,3,1,1,2,4,3,3,3,5,7,33,1,0,0,1,5,0,0,1,3,1,3,2,7,0,1,1
2,0,0,1,3,3,3,3,1,1,3,1,1,2,4,7,45,1,0,0,0,5,0,0,1,5,2,3,1,1,0,0,1
1,1,0,0,3,3,1,3,1,2,4,2,2,3,4,8,24,1,0,0,0,5,0,0,1,5,2,1,1,9,0,0,1
1,0,1,0,1,2,1,3,1,2,3,1,1,3,3,9,33,1,0,0,0,5,0,0,1,2,2,3,1,5,2,1,1
1,1,0,0,1,1,1,3,3,3,2,1,2,2,4,3,38,0,0,1,0,5,0,0,1,5,3,1,1,10,0,1,1
2,0,1,0,1,3,1,3,3,1,4,1,1,3,4,2,30,1,0,0,0,5,0,0,1,6,1,3,1,8,4,0,1
1,1,0,0,3,3,3,3,3,4,3,2,3,3,4,9,43,0,1,0,1,5,0,0,1,5,3,2,1,10,0,0,1
1,1,0,0,1,2,3,3,2,1,4,1,1,2,1,6,36,1,0,0,0,5,0,0,1,1,2,3,2,7,0,0,1
1,1,0,0,1,3,1,3,1,1,1,1,1,1,1,3,70,1,0,0,0,5,0,0,1,5,3,2,1,1,1,2,1
1,1,0,0,1,1,3,3,1,4,2,2,1,2,3,9,60,1,1,0,1,5,0,0,1,3,1,2,1,6,2,0,1
1,1,0,0,3,1,3,3,1,3,3,2,3,3,5,9,25,1,0,0,0,5,0,0,1,3,1,3,2,8,0,0,1
1,1,0,0,3,3,3,3,1,2,3,1,2,3,5,7,27,1,1,0,0,5,0,0,1,3,3,1,1,8,0,0,1
1,1,0,0,1,3,1,3,1,2,2,2,1,3,1,5,28,1,0,0,0,5,0,0,1,4,2,2,1,7,1,2,1
1,1,0,0,3,3,3,2,1,2,3,2,1,2,2,8,24,1,0,0,1,5,0,0,1,5,1,1,1,7,0,0,1
2,0,0,0,1,3,3,3,3,3,3,2,2,2,4,8,21,1,0,0,0,5,0,0,1,5,2,2,1,8,2,1,1
3,0,0,0,3,3,1,3,1,1,3,3,2,3,4,6,18,1,0,0,0,5,0,0,1,1,1,2,1,8,0,0,1
2,1,0,0,2,2,1,3,1,4,2,1,1,2,3,7,44,0,0,0,0,5,0,0,1,5,1,3,1,1,4,0,1
2,0,0,0,1,3,1,2,1,3,3,2,1,1,1,9,28,1,0,0,0,5,0,0,1,3,1,2,1,5,3,0,1
1,1,0,0,1,3,1,3,3,2,3,3,2,3,2,7,71,1,0,0,0,5,0,0,1,6,2,2,2,10,0,0,1
1,0,0,0,1,3,3,1,1,3,3,2,3,3,4,9,23,1,0,0,0,5,0,0,1,3,3,1,1,7,0,0,1
2,0,1,0,3,3,1,3,1,3,3,1,2,2,4,5,39,1,0,0,0,5,0,0,1,3,1,3,1,6,2,0,1
3,0,1,0,3,1,1,1,3,1,3,2,1,3,3,9,58,1,1,0,0,5,0,0,1,5,3,2,1,8,0,4,1
2,0,1,0,3,3,1,3,3,4,3,1,1,3,3,7,75,1,0,0,0,5,0,0,1,5,1,3,2,1,0,2,1
3,1,0,0,1,3,1,1,1,2,3,1,1,3,4,5,40,1,0,0,1,5,0,0,1,3,2,3,1,7,2,1,1
2,0,1,0,1,2,3,3,1,2,3,2,2,3,2,3,32,1,0,0,0,5,0,0,1,2,2,2,2,7,0,1,1
2,0,1,0,3,3,3,1,1,4,3,2,1,3,1,9,28,0,1,0,0,5,0,0,1,5,3,2,2,4,2,0,1
1,1,0,0,3,3,1,3,3,4,2,1,3,3,4,5,60,0,0,0,0,5,0,0,1,5,3,3,1,8,0,0,1
1,1,0,0,3,3,1,1,1,4,2,2,2,3,4,9,48,0,0,0,0,5,0,0,1,2,3,2,1,8,0,0,1
2,0,0,0,3,1,1,1,1,2,4,3,2,2,3,9,19,0,0,0,0,5,0,0,1,4,1,2,1,8,3,0,1
2,0,1,0,3,1,3,1,1,3,4,3,2,3,4,9,33,0,1,0,1,5,0,0,1,5,3,2,1,5,3,0,1
1,1,0,0,3,3,3,3,1,2,4,1,2,2,3,9,41,0,1,0,0,5,0,0,1,3,3,2,1,6,2,0,1
2,0,1,0,3,1,3,1,1,3,3,2,2,2,4,9,31,0,1,0,0,5,0,0,1,2,1,2,2,7,4,0,1
2,0,1,0,3,1,1,1,1,2,4,1,2,2,3,5,50,0,0,0,0,5,0,0,1,3,1,2,1,7,3,0,1
1,1,0,0,3,1,3,3,1,2,4,3,3,2,4,9,46,0,1,0,0,5,0,0,1,3,3,2,1,9,0,0,1
1,1,0,0,3,2,3,1,1,3,3,3,1,3,3,9,24,0,0,0,0,5,0,0,1,3,1,1,1,8,0,0,1
2,0,0,0,3,1,3,1,1,2,3,3,2,2,3,6,18,0,0,0,0,5,0,0,1,4,3,2,2,1,4,0,1
3,0,1,0,1,1,3,1,1,1,3,3,2,2,3,9,33,0,0,0,0,5,0,0,1,1,1,2,2,1,1,1,1
1,0,0,0,1,1,3,3,1,2,3,3,2,2,3,8,20,0,0,0,0,5,0,0,1,3,3,2,1,9,2,0,1
2,0,0,0,3,3,1,3,3,3,3,1,1,3,2,8,20,0,0,0,0,5,0,0,1,4,3,3,1,3,2,1,1
2,0,0,0,3,3,3,3,1,2,2,3,2,3,3,9,37,0,1,0,0,5,0,0,1,5,1,2,2,8,0,1,1
2,0,1,0,3,3,3,3,1,2,4,2,2,2,4,5,60,0,0,0,0,5,0,0,1,5,1,2,1,6,3,0,1
3,0,0,1,1,1,3,3,3,2,3,3,2,2,3,8,25,0,0,0,0,5,0,0,1,3,3,3,1,8,0,4,1
1,0,0,0,1,1,3,3,1,2,2,3,2,2,3,8,22,0,0,0,0,5,0,0,1,5,1,2,1,6,0,0,1
2,0,0,0,3,1,2,3,1,3,3,3,3,3,3,7,20,0,0,0,0,5,0,0,1,2,2,2,1,1,3,0,1
3,0,0,1,3,2,1,1,1,2,3,3,2,1,2,6,18,1,0,0,0,5,0,0,1,4,3,2,1,6,3,1,1
2,1,0,0,3,1,3,3,3,2,2,2,2,2,3,7,38,1,0,0,0,5,0,0,1,5,3,2,2,7,3,1,1
2,0,0,0,3,1,3,1,1,2,3,3,2,2,3,6,18,0,0,0,0,5,0,0,1,3,1,2,2,7,4,0,1
3,0,0,1,1,1,3,3,1,3,3,1,1,2,3,7,21,0,0,0,0,5,0,0,1,3,3,1,1,9,2,1,1
1,1,0,0,3,1,1,1,1,3,4,4,3,3,3,9,40,0,0,0,0,5,0,0,1,5,1,1,1,10,1,0,1
2,0,1,0,3,3,1,3,1,1,2,1,2,3,1,9,52,0,0,0,0,5,0,0,1,3,1,3,1,4,0,0,1
3,0,0,0,3,3,1,3,1,3,3,1,1,3,3,7,24,0,0,0,1,5,0,0,1,2,2,2,1,7,0,3,1
2,0,1,0,1,1,3,1,1,2,4,3,2,2,3,9,38,0,1,0,0,5,0,0,1,3,3,1,2,6,2,0,1
1,1,0,0,3,1,3,3,3,2,3,3,2,3,3,9,36,0,1,0,0,5,0,0,1,5,1,2,2,8,1,0,1
2,0,0,0,3,2,3,3,1,4,3,1,2,3,2,9,34,0,1,0,0,5,0,0,1,1,1,3,1,5,3,0,1
1,1,0,0,3,1,3,1,1,2,4,2,3,2,3,9,30,0,0,0,1,5,0,0,1,5,1,2,2,6,1,0,1
2,0,1,0,3,1,3,1,1,3,2,3,2,2,3,9,27,0,0,0,0,5,0,0,1,5,3,1,2,5,3,0,1
1,0,0,0,3,1,1,1,1,2,3,2,2,3,3,8,19,0,0,0,0,5,0,0,1,5,1,2,1,8,0,0,1
1,1,0,0,3,1,3,1,1,2,2,3,2,3,3,9,40,0,1,0,0,5,0,0,1,3,2,2,1,9,0,0,1
2,0,1,0,3,1,3,1,1,1,3,1,3,3,3,8,26,0,0,0,0,5,0,0,1,5,1,2,1,5,4,0,1
1,1,0,0,3,1,3,1,1,2,2,3,1,2,3,9,36,0,0,0,0,5,0,0,1,3,1,2,2,8,2,0,1
2,0,0,0,1,1,3,3,1,2,3,3,3,2,3,8,21,0,0,0,0,5,0,0,1,3,1,2,2,3,4,0,1
3,0,1,0,1,1,3,1,1,2,2,3,2,2,3,9,50,0,0,0,0,5,0,0,1,5,3,2,1,1,2,1,1
1,1,0,0,3,1,1,3,1,3,4,2,2,2,4,9,39,0,1,0,0,5,0,0,1,5,3,3,1,6,0,0,1
1,1,0,0,3,1,3,1,1,3,4,3,2,2,3,9,28,0,1,0,0,5,0,0,1,3,3,1,1,6,1,0,1
1,1,0,0,3,1,3,3,1,2,3,3,2,2,4,9,38,0,1,0,0,5,0,0,1,3,1,2,1,9,2,0,1
3,0,1,0,1,1,1,1,1,4,3,2,3,3,5,7,25,0,1,0,1,5,0,0,1,4,2,3,2,8,2,1,1
2,0,1,0,1,3,1,1,1,2,3,2,1,3,3,7,37,0,0,1,0,5,0,0,1,1,1,3,1,7,4,0,1
1,0,0,0,3,3,3,3,1,2,2,2,2,3,3,6,18,0,0,0,0,5,0,0,1,3,2,1,1,6,0,2,1
1,1,0,0,1,1,1,1,3,4,3,2,3,3,4,9,34,1,1,0,0,5,0,0,1,1,2,1,1,6,0,4,1
2,1,0,0,1,3,1,3,1,3,2,1,1,3,3,3,38,1,0,0,0,5,0,0,1,6,1,2,2,6,2,0,1
2,0,1,0,3,3,1,3,1,2,3,2,1,3,4,8,27,1,0,0,0,5,0,0,1,4,2,3,1,6,3,0,1
2,1,0,0,1,2,3,1,1,3,4,3,2,3,3,7,31,1,0,0,0,5,0,0,1,5,1,3,1,8,2,0,1
2,1,0,0,3,1,3,3,1,1,3,3,2,2,4,8,72,1,0,0,0,5,0,0,1,1,1,2,2,3,4,0,1
1,1,0,0,3,1,3,3,1,2,4,3,2,3,4,7,44,1,0,0,0,5,0,0,1,2,1,3,2,8,1,2,1
2,0,1,0,3,1,3,3,1,2,4,3,3,3,3,9,27,1,1,0,0,5,0,0,1,5,1,2,1,5,4,0,1
2,0,0,1,1,1,3,1,1,3,2,3,2,3,3,7,38,1,0,0,0,5,0,0,1,3,3,1,2,6,3,1,1
2,0,0,1,3,2,3,1,1,2,2,3,2,3,3,8,25,0,0,0,0,5,0,0,1,2,1,2,2,7,4,0,1
3,0,0,1,3,1,1,1,1,2,3,3,2,3,2,3,43,1,0,0,0,5,0,0,1,5,1,2,2,7,0,4,1
2,0,1,0,3,3,3,3,1,2,4,3,1,3,4,2,63,1,0,0,0,5,0,0,1,3,1,2,1,7,3,0,1
2,0,1,0,1,3,1,3,1,3,3,2,1,3,3,9,23,1,1,0,1,5,0,0,1,5,1,2,2,5,0,0,1
1,0,0,0,3,3,1,1,2,2,3,2,2,3,2,7,20,1,1,0,0,5,0,0,1,3,1,2,2,1,0,0,1
2,0,0,0,3,3,3,3,1,3,1,1,1,2,4,8,19,1,0,0,0,5,0,0,1,2,1,3,2,2,2,0,1
2,0,1,0,1,1,3,1,3,2,4,1,1,3,1,8,28,1,0,0,0,5,0,0,1,2,1,2,1,1,1,1,1
2,0,1,0,1,3,3,3,1,3,2,3,3,3,2,8,43,1,0,0,0,5,0,0,1,5,1,3,1,8,3,0,1
1,1,0,0,3,1,3,3,1,3,3,2,3,3,5,5,40,1,0,0,0,5,0,0,1,5,2,1,2,5,0,0,1
1,1,0,0,3,1,1,1,1,3,3,2,2,3,3,7,28,1,0,0,0,5,0,0,1,5,2,2,2,8,0,0,1
1,0,0,0,1,1,3,3,2,2,3,3,2,2,3,9,22,1,0,0,0,5,0,0,1,5,2,2,1,6,0,0,1
3,0,0,0,3,1,3,1,1,2,4,3,3,2,2,9,58,1,0,0,0,5,0,0,1,5,1,2,1,6,3,0,1
1,1,0,0,1,1,3,1,1,3,4,1,3,2,3,7,57,1,0,0,0,5,0,0,1,3,1,1,2,8,0,0,1
1,0,0,0,3,2,3,1,1,2,3,3,2,1,3,9,21,0,0,0,0,5,0,0,1,5,1,2,1,8,0,0,1
1,1,0,0,3,1,3,1,1,2,3,3,1,2,4,5,30,1,0,0,0,5,0,0,1,3,2,2,2,7,0,0,1
1,1,0,0,3,1,3,3,1,2,3,3,2,2,4,7,35,1,0,0,0,5,0,0,1,2,1,2,1,8,0,0,1
2,0,1,0,1,1,3,3,1,2,4,3,2,2,3,7,38,1,0,0,0,5,0,0,1,3,3,2,1,8,4,0,1
1,0,0,0,1,3,1,3,3,4,3,2,3,3,4,8,18,1,0,0,0,5,0,0,1,1,2,1,1,8,0,1,1
2,0,0,1,2,2,2,3,1,1,3,1,1,2,1,7,35,1,1,0,1,5,0,0,1,5,2,3,1,5,1,0,1
1,0,0,0,3,1,3,1,1,2,4,3,2,3,4,7,22,1,0,0,0,5,0,0,1,3,3,2,2,8,0,0,1
1,1,0,0,3,2,3,3,1,2,3,3,2,1,3,7,42,1,0,0,0,5,0,0,1,4,1,1,2,9,0,0,1
1,1,0,0,3,1,3,1,3,2,4,2,2,1,2,4,58,1,0,0,0,5,0,0,1,5,1,2,2,8,0,0,1
2,0,1,0,3,2,3,3,1,2,2,3,2,2,4,7,50,1,0,0,0,5,0,0,1,5,1,2,1,1,3,1,1
1,0,0,0,3,1,3,3,1,2,3,1,2,3,3,8,23,1,0,0,0,5,0,0,1,5,3,2,1,6,1,0,1
1,1,0,0,3,3,3,3,1,2,4,3,2,2,5,7,43,1,1,0,1,5,0,0,1,5,3,2,1,8,0,0,1
2,1,0,0,3,1,3,3,1,2,3,3,1,2,4,9,34,1,0,0,0,5,0,0,1,3,3,2,2,6,4,0,1
1,1,0,0,3,1,3,1,1,2,3,3,3,2,3,6,24,1,0,0,0,5,0,0,1,3,2,2,2,8,1,0,1
2,0,1,0,1,1,3,1,3,2,3,3,2,3,3,9,38,1,1,0,0,5,0,0,1,5,2,2,2,7,0,4,1
1,0,0,0,3,1,1,1,1,3,3,2,2,2,3,6,19,1,0,0,0,5,0,0,1,5,3,2,1,8,1,0,1
2,0,1,0,1,1,2,1,1,3,2,1,2,3,3,6,65,1,0,0,0,5,0,0,1,3,2,2,1,5,4,0,1
1,1,0,0,1,2,3,3,3,2,3,2,3,1,2,2,60,1,0,0,0,5,0,0,1,3,1,1,2,9,1,0,1
3,0,0,0,3,2,1,1,3,4,3,1,1,3,1,9,25,1,1,0,0,5,0,0,1,2,1,3,1,4,0,3,1
1,1,0,0,3,1,1,3,1,1,3,1,1,3,5,7,26,1,0,0,0,5,0,0,1,5,3,3,1,8,0,0,1
2,0,1,0,3,3,1,3,3,1,2,2,3,3,3,9,37,1,0,0,0,5,0,0,1,5,2,3,1,3,1,0,1
1,1,0,0,1,3,3,3,1,2,1,2,1,3,2,3,38,0,0,0,0,5,0,0,1,5,1,2,1,6,1,1,1
3,0,1,0,3,3,1,1,1,2,2,2,2,3,4,4,37,0,0,0,1,5,0,0,1,3,1,3,2,7,0,3,1
2,1,0,0,1,1,1,3,1,2,2,1,1,3,1,1,58,0,0,0,0,5,0,0,1,5,3,1,1,8,0,0,1
3,0,0,0,1,2,3,3,1,3,3,2,2,3,4,8,25,0,1,0,0,5,0,0,1,1,1,2,2,7,0,2,1
2,0,1,0,1,3,3,3,1,3,3,2,1,2,2,5,30,0,0,0,0,5,0,0,1,4,1,3,2,6,0,0,1
2,0,0,1,1,2,1,3,2,1,2,1,2,2,4,3,25,0,0,0,1,5,0,0,1,2,2,1,1,8,0,0,1
3,0,0,0,1,2,1,1,3,3,2,1,3,2,4,7,23,0,0,0,0,5,0,0,1,4,1,3,1,7,1,2,1
3,0,0,0,1,1,3,1,2,2,3,2,1,2,2,5,30,0,0,0,0,5,0,0,1,4,2,2,1,5,0,1,1
1,0,0,0,1,3,1,1,2,1,3,2,3,3,3,4,52,0,0,0,0,5,0,0,1,1,1,3,2,10,0,3,1
1,0,0,0,3,3,3,3,1,3,3,3,2,3,4,7,22,0,0,0,0,5,0,0,1,5,1,2,1,8,1,0,1
3,0,0,0,1,1,3,3,3,1,2,1,1,1,2,3,33,0,0,1,1,5,0,0,1,4,3,3,2,5,0,4,1
3,1,0,0,3,1,3,3,1,2,2,1,2,2,1,4,30,1,0,0,0,5,0,0,1,3,2,2,1,1,0,2,1
1,1,0,0,1,1,3,3,3,1,3,1,1,3,1,3,46,1,0,0,0,5,0,0,1,6,3,1,1,10,0,0,1
3,1,0,0,3,1,3,3,3,2,2,2,1,3,1,2,39,1,0,0,0,5,0,0,1,4,2,3,1,1,0,0,1
3,0,1,0,1,1,3,1,3,1,3,1,3,2,4,3,43,1,0,0,0,5,0,0,1,5,1,1,1,1,0,4,1
1,1,0,0,1,3,3,3,1,1,3,2,3,2,4,3,40,1,0,0,0,5,0,0,1,3,3,3,1,1,0,1,1
1,1,0,0,1,1,3,3,3,3,3,2,2,2,2,2,39,1,0,0,0,5,0,0,1,5,2,3,1,8,0,0,1
3,0,1,0,1,3,3,1,1,2,2,2,1,3,3,3,36,1,0,0,0,5,0,0,1,3,1,2,1,1,0,0,1
2,0,1,0,3,3,3,1,3,2,2,2,3,3,5,3,26,1,0,0,0,5,0,0,1,3,1,3,1,5,0,3,1
1,0,0,0,1,3,1,3,3,2,3,3,1,3,1,2,20,1,0,0,0,5,0,0,1,4,1,1,1,1,0,0,1
1,0,0,1,1,3,1,1,3,4,3,2,2,3,3,7,26,1,1,0,1,5,0,0,1,2,2,2,1,8,1,0,1
2,0,1,0,1,1,3,3,3,2,3,2,1,2,4,3,40,1,0,0,0,5,0,0,1,5,3,3,2,5,0,0,1
2,0,1,0,3,1,1,3,3,2,2,1,1,1,1,3,30,1,0,0,0,5,0,0,1,5,3,1,1,10,3,0,1
3,0,0,0,1,3,3,3,1,3,2,3,1,3,1,4,18,1,0,0,0,5,0,0,1,5,1,3,2,7,0,2,1
1,1,0,0,1,3,1,1,3,1,4,1,1,1,2,2,38,1,0,1,0,5,0,0,1,3,2,2,1,10,0,0,1
1,0,0,1,3,3,3,3,3,3,2,3,2,3,4,5,28,1,0,0,1,5,0,0,1,5,3,1,1,10,0,0,1
2,1,0,0,3,1,3,3,1,1,3,2,1,2,1,2,58,1,0,0,0,5,0,0,1,5,1,3,1,1,0,0,1
1,1,0,0,1,3,2,3,1,1,2,2,3,2,5,2,65,0,0,0,1,2,0,0,1,6,3,3,2,6,0,1,1
1,0,0,0,1,3,1,3,3,3,2,2,2,3,3,5,24,0,0,0,1,2,0,0,1,3,3,2,1,3,0,1,1
1,0,0,1,1,3,2,3,2,1,1,2,1,3,4,7,20,0,0,0,0,2,0,0,1,5,1,2,2,7,0,0,1
3,1,0,0,1,1,3,1,3,1,3,1,3,3,5,3,36,1,0,0,1,2,0,0,1,3,3,2,2,4,0,1,1
3,0,0,0,3,3,1,3,1,3,1,2,2,3,5,7,28,1,0,0,1,2,0,0,1,1,1,1,1,5,2,0,1
1,1,0,0,3,3,1,3,3,1,3,1,1,3,4,9,22,1,0,0,0,2,0,0,1,2,1,2,2,7,0,1,1
3,0,0,0,1,3,3,3,3,1,3,3,1,3,4,3,50,1,0,0,0,2,0,0,1,5,3,2,2,5,0,1,1
1,1,0,0,1,3,1,3,2,2,2,1,3,2,4,5,42,0,0,1,1,2,0,0,1,4,3,1,2,6,0,0,1
3,0,1,0,1,1,3,3,1,3,3,2,3,3,2,5,54,0,0,1,0,2,0,0,1,6,3,3,1,6,0,4,1
1,0,0,0,3,3,3,3,3,2,3,1,3,2,4,5,23,0,0,1,0,2,0,0,1,3,2,1,1,8,0,1,1
1,0,0,1,1,1,3,3,3,2,3,1,1,3,4,7,25,0,1,0,1,2,0,0,1,2,3,3,1,3,1,1,1
3,0,0,1,3,1,3,1,3,2,3,1,2,1,4,3,32,0,0,1,0,2,0,0,1,5,2,2,1,2,0,0,1
1,1,0,0,3,1,1,1,3,4,3,1,2,2,2,3,58,0,0,0,0,2,0,0,1,2,1,3,1,10,0,0,1
3,0,0,0,3,1,1,1,1,2,2,2,1,2,1,3,30,0,0,1,0,2,0,0,1,4,1,3,1,6,0,4,1
1,1,0,0,3,1,3,3,2,1,3,1,1,2,1,3,50,0,0,1,0,2,0,0,1,5,1,3,1,1,4,0,1
1,1,0,0,3,3,1,3,3,1,3,2,1,2,2,5,34,0,0,1,0,2,0,0,1,2,1,1,1,8,0,0,1
1,0,0,0,1,3,3,3,3,1,3,3,3,3,3,1,44,1,0,0,0,2,0,0,1,5,2,1,1,10,1,0,1
1,0,0,1,3,1,1,3,3,1,3,1,1,2,2,2,43,1,0,0,0,2,0,0,1,5,3,2,1,6,0,0,1
1,1,0,0,1,3,3,3,3,2,3,1,3,3,4,5,25,1,0,0,0,2,0,0,1,5,1,3,1,5,0,1,1
2,0,1,0,3,3,1,3,3,1,3,2,1,2,4,3,44,1,0,0,1,2,0,0,1,3,1,3,2,6,4,0,1
2,0,1,0,1,1,3,3,1,3,3,3,3,3,4,3,54,1,0,0,0,5,0,0,1,5,1,3,2,7,0,2,1
2,0,0,1,1,1,3,3,1,3,4,1,1,2,4,2,20,1,0,0,0,5,0,0,1,2,1,3,1,8,0,1,1
2,0,1,0,1,3,3,3,1,3,4,3,1,3,4,8,25,0,0,0,1,5,0,0,1,6,1,3,2,7,3,0,1
2,0,0,1,1,3,1,3,1,4,4,1,2,3,4,8,19,1,0,0,0,5,0,0,1,5,1,3,2,6,4,0,1
1,0,0,0,1,1,1,1,3,3,2,2,1,3,2,6,19,1,0,0,0,5,0,0,1,5,1,1,1,5,1,1,1
2,1,0,0,1,3,3,1,1,2,3,2,3,3,4,7,34,1,0,0,0,5,0,0,1,3,2,1,2,6,1,1,1
2,0,0,1,3,3,1,3,1,2,4,1,1,3,1,7,36,1,0,0,0,5,0,0,1,6,1,3,1,5,3,0,1
2,1,0,0,3,3,1,3,1,2,3,2,2,3,5,5,29,1,0,0,0,5,0,0,1,3,1,3,2,10,0,0,1
2,0,1,0,3,3,1,3,3,2,2,2,3,3,4,7,35,1,0,0,0,5,0,0,1,5,3,2,1,7,1,0,1
2,1,0,0,1,3,1,3,3,1,3,1,1,3,2,5,74,0,0,0,0,5,0,0,1,5,1,3,2,6,4,0,1
3,0,1,0,3,2,1,3,1,1,2,2,2,3,4,5,30,1,0,0,0,5,0,0,1,3,1,3,2,4,1,1,1
3,0,0,0,3,3,3,3,3,2,3,3,2,3,4,6,18,1,0,0,0,5,0,0,1,5,2,2,1,7,0,2,1
3,1,0,0,3,3,1,3,3,3,2,1,2,3,5,9,32,0,1,0,0,5,0,0,1,5,1,3,1,7,1,0,1
2,0,0,0,1,1,3,3,3,4,2,1,1,2,2,6,18,0,0,0,0,5,0,0,1,2,2,2,1,1,2,0,1
3,0,0,0,3,3,3,3,1,2,3,3,3,3,4,6,19,1,0,0,0,5,0,0,1,2,1,3,1,5,1,2,1
1,1,0,0,1,2,1,3,3,1,2,1,1,1,2,1,41,1,0,0,0,5,0,0,1,4,2,1,1,10,0,0,1
3,1,0,0,1,3,1,3,1,1,2,1,1,2,4,3,24,0,0,1,0,5,0,0,1,5,2,2,1,6,0,0,1
1,1,0,0,1,3,1,3,3,1,2,2,1,3,4,3,60,1,0,0,0,5,0,0,1,5,3,3,1,6,0,0,1
1,0,0,1,1,3,1,3,3,2,2,2,1,2,3,2,38,1,0,0,0,5,0,0,1,5,2,2,1,8,0,0,1
1,0,0,0,1,3,3,1,3,4,2,2,1,2,4,8,21,1,0,0,0,5,0,0,1,2,2,2,1,8,0,0,1
2,0,0,0,1,3,1,3,3,3,2,1,1,1,4,6,18,1,0,0,0,5,0,0,1,3,2,3,2,1,0,0,1
1,1,0,0,1,3,1,3,3,1,2,2,2,3,5,3,28,0,0,1,0,5,0,0,1,3,3,2,1,10,0,0,1
1,1,0,0,1,2,1,3,2,1,3,1,1,2,1,1,57,1,0,0,0,5,0,0,1,5,3,1,1,10,1,0,1
1,1,0,0,3,3,3,1,3,3,3,2,3,3,4,3,35,0,0,1,0,5,0,0,1,2,1,2,2,7,0,2,1
1,1,0,0,1,3,1,3,1,4,4,1,2,3,4,3,38,1,0,0,0,5,0,0,1,5,3,2,1,7,0,3,1
3,0,0,0,3,3,1,1,1,3,4,3,3,3,4,7,24,1,0,0,0,5,0,0,1,3,2,3,2,1,2,0,1
1,1,0,0,1,3,3,2,3,2,4,2,1,1,4,4,47,1,0,0,1,5,0,0,1,2,2,2,2,9,1,0,1
3,1,0,0,3,1,1,3,1,2,2,2,1,3,3,7,25,1,0,0,0,5,0,0,1,2,3,3,2,8,0,3,1
1,1,0,0,1,3,1,3,1,2,2,2,3,3,2,7,36,1,0,0,0,5,0,0,1,5,3,3,2,5,1,0,1
1,1,0,0,3,3,1,3,3,3,2,2,1,3,4,7,63,0,0,0,0,5,0,0,1,5,3,1,1,10,0,0,1
1,1,0,0,1,3,3,3,1,4,3,2,2,2,5,9,44,0,1,0,0,5,0,0,1,5,2,1,1,8,0,0,1
3,1,0,0,3,2,3,2,1,3,2,3,2,3,3,5,45,0,0,0,1,5,0,0,1,2,1,2,1,8,0,2,1
1,1,0,0,3,1,3,3,3,4,3,2,2,3,2,5,39,0,0,1,1,5,0,0,1,2,2,2,1,5,0,0,1
1,0,0,1,1,1,1,3,3,2,4,1,2,2,3,3,33,0,0,0,0,5,0,0,1,3,3,2,2,3,0,0,1
3,0,1,0,3,3,3,3,1,4,3,1,1,2,4,8,24,1,0,0,0,5,0,0,1,2,2,1,2,5,3,0,1
1,0,0,0,1,3,3,3,3,2,4,3,2,3,4,5,32,1,0,0,0,5,0,0,1,2,3,2,2,8,1,3,1
1,1,0,0,3,3,1,1,3,2,3,2,1,3,4,4,51,1,0,0,0,5,0,0,1,3,2,1,1,8,0,1,1
3,0,0,0,1,3,1,3,3,3,2,2,3,3,4,9,62,1,0,0,0,5,0,0,1,2,3,3,2,10,0,1,1
3,0,0,0,1,3,3,1,3,1,2,1,1,2,2,3,32,1,0,0,0,5,0,0,1,1,1,3,1,8,0,2,1
2,0,1,0,3,3,3,1,1,2,3,2,1,2,4,2,50,1,0,0,0,5,0,0,1,5,3,3,1,5,1,0,1
1,1,0,0,1,3,1,3,1,4,3,2,2,3,4,4,36,1,0,0,0,5,0,0,1,4,2,2,1,6,1,0,1
3,0,0,0,1,3,1,1,3,4,2,1,2,3,4,5,20,0,0,0,0,5,0,0,1,3,2,2,2,9,0,0,1
1,1,0,0,3,3,3,3,3,4,2,3,3,3,4,6,52,0,0,0,0,5,0,0,1,3,2,1,2,10,0,1,1
2,0,1,0,1,3,3,1,3,2,4,1,1,3,4,3,48,1,0,0,0,5,0,0,1,3,3,2,1,5,0,0,1
3,1,0,0,3,3,1,3,1,2,4,2,2,2,2,7,43,1,0,0,0,5,0,0,1,4,3,2,2,6,0,0,1
3,0,0,1,3,1,1,3,3,1,3,2,1,3,2,3,53,1,0,0,0,5,0,0,1,5,2,3,2,1,1,3,1
1,0,0,1,1,2,3,3,1,3,3,1,3,2,3,9,20,0,0,0,0,5,0,0,1,4,1,3,2,4,1,0,1
3,0,0,0,3,3,3,3,1,3,4,2,2,3,5,7,23,1,0,0,0,5,0,0,1,4,2,3,2,5,1,3,1
3,0,0,0,1,3,3,3,3,2,4,2,2,3,2,3,55,0,0,0,0,5,0,0,1,5,3,2,2,2,0,0,1
3,0,0,0,3,3,1,3,1,4,2,2,3,2,4,8,32,0,0,0,0,5,0,0,1,4,1,3,2,8,0,4,1
2,1,0,0,3,3,1,1,1,2,3,2,1,3,2,7,28,0,1,0,0,5,0,0,1,5,3,2,1,5,1,0,1
3,1,0,0,3,2,1,1,3,1,4,2,1,3,3,2,57,0,0,1,0,5,0,0,1,5,3,2,2,6,0,2,1
1,0,0,1,1,3,3,3,3,4,2,3,3,3,5,3,33,1,0,0,0,5,0,0,1,5,2,1,1,10,0,0,1
1,1,0,0,1,1,3,3,1,1,4,2,2,2,5,3,50,1,0,0,0,5,0,0,1,5,1,3,1,7,0,0,1
3,1,0,0,3,1,1,3,1,3,3,1,1,3,3,7,47,0,1,0,0,5,0,0,1,3,1,1,2,8,1,1,1
1,1,0,0,1,3,3,3,1,2,3,3,3,3,4,3,45,0,0,1,1,5,0,0,1,5,3,2,2,5,0,0,1
3,0,1,0,3,3,3,1,1,2,3,2,1,2,4,5,33,0,0,0,0,5,0,0,1,5,1,3,1,3,2,0,1
1,1,0,0,1,1,1,3,3,4,2,2,3,2,2,3,33,1,0,0,0,5,0,0,1,5,2,2,2,5,0,2,1
3,0,0,0,1,1,1,1,3,2,3,2,3,3,4,5,25,1,0,0,0,5,0,0,1,5,3,3,2,1,0,3,1
3,0,1,0,1,2,3,3,3,2,3,2,3,2,4,2,34,1,0,0,0,5,0,0,1,5,1,1,1,7,3,0,1
1,0,0,0,1,3,1,3,1,2,2,3,3,3,1,5,18,1,0,0,0,5,0,0,1,5,3,1,1,10,0,1,1
1,1,0,0,1,1,1,3,3,1,2,4,2,3,2,8,26,1,0,0,0,5,0,0,1,3,2,1,1,8,4,0,1
1,0,0,0,3,1,1,3,3,1,4,2,2,3,3,7,21,0,1,0,0,5,0,0,1,2,3,2,1,8,0,0,1
1,1,0,0,3,2,1,3,1,3,3,2,3,3,4,5,32,1,0,0,0,5,0,0,1,5,2,1,1,8,0,0,1
2,0,1,0,1,3,1,3,1,3,3,2,2,3,3,5,38,0,0,1,1,5,0,0,1,2,3,3,1,3,3,1,1
1,1,0,0,3,3,3,3,1,3,2,2,1,3,2,9,27,0,1,0,0,5,0,0,1,1,3,1,2,7,1,0,1
3,0,1,0,1,1,3,3,1,2,4,1,1,3,4,6,33,0,0,1,0,5,0,0,1,2,1,3,2,5,0,2,1
1,1,0,0,3,1,3,3,3,4,4,3,3,3,4,9,31,1,1,0,1,5,0,0,1,3,1,2,2,8,0,1,1
1,1,0,0,1,1,1,3,1,1,2,2,3,2,4,5,54,0,0,0,0,5,0,0,1,3,3,1,1,8,0,0,1
3,0,0,0,1,1,3,1,3,4,1,1,1,3,2,9,43,0,1,0,1,5,0,0,1,1,1,3,1,1,0,0,1
1,0,0,0,3,3,3,3,3,3,2,2,2,2,3,8,22,1,0,0,1,5,0,0,1,4,3,1,1,7,0,0,1
1,0,0,0,3,3,1,3,1,1,2,3,1,3,4,7,19,1,0,0,0,5,0,0,1,5,3,1,2,3,0,0,1
3,0,0,0,3,3,3,3,2,3,3,1,2,2,4,7,31,0,0,1,0,5,0,0,1,3,1,3,1,1,3,0,1
2,0,1,0,3,3,3,3,3,1,1,2,1,2,4,2,49,1,0,0,0,5,0,0,1,5,3,1,1,8,0,1,1
2,0,1,0,3,1,3,3,3,3,3,2,1,3,5,5,25,1,0,0,0,5,0,0,1,2,3,3,2,6,0,1,1
2,0,1,0,3,3,3,3,1,3,3,1,1,3,3,9,28,1,0,0,0,5,0,0,1,1,3,2,2,5,0,1,1
3,0,1,0,3,3,1,3,1,4,3,2,1,3,3,7,43,1,0,0,1,5,0,0,1,3,1,3,2,10,0,2,1
3,1,0,0,1,1,1,3,3,1,3,4,2,3,4,7,25,1,0,0,0,5,0,0,1,3,3,3,2,6,1,0,1
1,0,0,1,1,3,3,3,3,1,3,3,1,4,4,5,25,0,0,0,0,5,0,0,1,4,3,2,1,5,0,0,1
2,0,0,0,3,3,1,1,1,3,3,1,2,3,4,6,18,0,0,0,0,5,0,0,1,4,2,2,1,6,1,0,1
1,1,0,0,1,2,1,3,1,1,3,1,1,2,2,3,25,1,0,0,0,5,0,0,1,5,2,3,1,5,0,0,1
3,0,0,0,1,3,3,1,1,4,2,1,1,2,4,9,22,1,0,0,0,5,0,0,1,2,1,3,1,5,0,3,1
3,0,0,0,1,1,3,1,3,4,3,2,1,2,2,8,20,0,1,0,1,5,0,0,1,1,1,3,1,8,0,3,1
1,1,0,0,1,1,3,1,1,3,3,2,2,2,4,3,46,1,0,0,0,5,0,0,1,5,2,3,1,8,0,0,1
2,1,0,0,3,3,3,3,3,2,3,2,2,2,2,5,27,0,0,0,0,5,0,0,1,4,3,2,2,1,0,2,1
2,0,1,0,3,3,1,1,1,2,4,4,1,2,3,9,29,1,0,0,0,5,0,0,1,2,1,3,2,5,4,0,1
2,0,1,0,1,3,1,3,1,3,2,2,2,3,3,7,47,1,0,0,0,5,0,0,1,5,1,3,1,8,0,4,1
1,1,0,0,1,3,1,3,1,2,3,2,1,2,4,6,24,0,0,0,0,5,0,0,1,2,3,1,1,6,3,0,1
3,0,0,0,3,1,1,3,1,2,2,1,2,3,3,9,25,1,0,0,0,5,0,0,1,3,1,2,1,3,2,1,1
1,1,0,0,1,1,3,3,3,2,3,3,3,3,5,3,36,1,0,0,0,5,0,0,1,5,2,3,1,10,0,4,1
1,1,0,0,3,3,3,3,1,2,1,4,2,3,3,6,23,0,0,0,0,5,0,0,1,3,2,2,2,7,0,2,1
1,1,0,0,1,1,1,3,1,1,2,2,2,2,4,1,50,1,0,0,0,5,0,0,1,6,1,2,1,6,0,0,1
1,0,0,0,3,3,1,3,1,3,3,1,2,3,4,5,18,0,0,0,0,1,0,0,1,5,3,2,2,7,0,0,1
3,0,0,0,1,3,1,3,3,2,2,3,2,3,4,6,18,0,0,0,1,1,0,0,1,2,3,3,2,7,0,4,1
3,0,0,0,1,3,1,3,3,2,3,3,2,3,4,5,19,0,0,0,0,1,0,0,1,2,1,2,2,7,0,3,1
2,1,0,0,3,1,1,1,3,2,3,3,3,3,5,2,32,0,0,1,0,1,0,0,1,5,3,3,1,5,2,0,1
1,1,0,0,1,2,1,1,1,4,3,2,2,3,3,9,25,0,1,0,0,1,0,0,1,3,2,2,2,9,0,0,1
3,0,0,0,3,3,1,3,3,4,3,1,3,3,4,8,22,0,0,0,0,1,0,0,1,5,2,1,1,7,1,0,1
1,1,0,0,3,3,1,3,3,3,1,3,3,3,4,2,62,0,0,0,0,1,0,0,1,1,2,3,1,9,0,0,1
3,0,0,1,3,1,1,3,3,1,2,4,1,2,2,2,50,1,0,0,0,1,0,0,1,2,2,1,1,5,0,4,1
1,0,0,1,1,3,3,3,3,2,3,2,3,3,4,3,27,0,0,0,0,1,0,0,1,1,2,2,2,8,1,1,1
3,0,1,0,2,1,1,3,3,2,4,3,1,3,3,5,28,0,0,1,1,1,0,0,1,5,2,3,2,10,2,0,1
2,0,0,0,3,3,3,3,3,2,4,2,2,3,4,5,19,0,0,1,0,1,0,0,1,5,1,3,1,6,1,1,1
3,0,0,0,1,3,3,1,1,3,4,2,3,3,4,2,50,0,0,0,0,1,0,0,1,2,1,3,2,7,3,1,1
1,0,0,0,1,2,1,3,1,4,2,2,2,3,4,6,23,0,1,0,0,1,0,0,1,2,1,2,1,8,1,1,1
1,1,0,0,3,3,3,3,3,3,4,2,3,3,2,3,33,0,0,1,0,1,0,0,1,4,3,2,1,10,3,0,1
3,0,1,0,3,1,1,1,3,1,3,2,2,2,4,5,34,0,0,1,0,1,0,0,1,6,1,3,1,6,1,0,1
2,1,0,0,1,3,1,3,1,3,3,3,1,2,4,2,42,0,0,1,1,1,0,0,1,4,1,2,2,5,1,1,1
1,0,1,0,1,3,3,3,3,3,3,2,1,3,5,7,28,0,0,1,0,1,0,0,1,2,3,1,2,9,0,1,1
3,0,0,1,3,3,1,3,2,3,2,1,1,3,3,5,24,0,0,0,0,1,0,0,1,3,1,3,2,7,0,4,1
1,1,0,0,1,3,3,3,3,2,3,2,2,2,3,3,52,1,0,0,0,1,0,0,1,6,3,2,1,6,0,0,1
1,1,0,0,3,3,3,1,3,1,2,1,1,2,2,1,66,1,0,0,0,1,0,0,1,5,3,1,1,6,0,0,1
2,0,1,0,3,3,2,3,2,3,2,2,1,3,4,5,23,1,0,0,0,1,0,0,1,2,3,3,2,7,2,0,1
2,0,1,0,1,3,3,3,3,2,2,1,1,2,2,3,32,1,0,0,0,1,0,0,1,5,1,3,1,7,1,0,1
1,0,0,1,3,3,3,3,2,2,3,2,1,2,3,3,42,0,0,1,1,1,0,0,1,4,3,1,1,7,0,0,1
1,1,0,0,3,3,3,3,3,1,2,2,1,3,2,5,24,1,0,0,0,1,0,0,1,3,3,1,1,8,0,0,1
3,0,0,0,3,2,3,3,3,1,2,2,1,3,4,5,23,0,0,0,0,1,0,0,1,6,1,3,1,1,0,0,1
1,0,0,1,3,1,3,3,3,4,4,3,2,2,4,2,78,0,0,1,0,1,0,0,1,5,2,2,2,8,0,0,1
1,0,1,0,3,1,3,3,1,4,4,3,2,2,3,2,68,0,0,1,0,1,0,0,1,5,2,2,2,8,0,0,1
1,1,0,0,3,1,3,3,1,1,1,2,2,3,4,3,48,0,0,0,0,1,0,0,1,4,2,2,1,5,0,0,1
3,0,1,0,3,1,3,3,3,2,2,2,2,3,4,3,36,0,0,1,0,1,0,0,1,5,1,3,1,1,0,4,1
1,0,0,0,3,1,1,1,3,2,4,1,2,2,1,2,43,1,0,0,0,1,0,0,1,3,1,2,2,8,0,0,1
2,0,1,0,3,1,1,2,2,4,1,4,3,2,3,1,42,1,0,0,0,1,0,0,1,5,1,3,1,8,4,0,1
2,0,1,0,3,1,3,1,1,2,1,1,1,3,3,2,45,1,0,0,1,1,0,0,1,4,2,3,2,5,4,0,1
2,0,0,0,3,1,3,3,1,1,3,3,2,3,3,7,20,1,0,0,0,1,0,0,1,5,2,3,2,8,1,0,1
2,0,1,0,3,3,1,3,1,3,3,1,1,4,4,7,26,0,0,0,0,1,0,0,1,1,3,3,2,9,4,0,1
3,0,1,0,3,1,3,3,1,2,2,3,2,3,4,8,25,0,0,0,0,1,0,0,1,2,1,3,2,6,0,0,1
1,1,0,0,1,1,3,3,3,1,4,2,1,1,5,3,50,1,0,0,0,1,0,0,1,5,1,3,1,6,0,4,1
2,0,1,0,1,3,3,3,1,2,2,2,2,2,5,5,47,0,0,0,0,1,0,0,1,1,1,3,1,7,0,4,1
3,0,1,0,3,3,3,1,1,2,3,2,3,2,5,3,34,0,0,0,0,1,0,0,1,1,1,3,1,4,0,4,1
3,1,0,0,1,1,3,3,1,1,2,2,2,2,5,5,37,1,0,0,0,1,0,0,1,1,1,3,1,6,0,4,1
1,1,0,0,3,3,3,3,3,1,4,2,3,3,4,3,40,0,0,0,0,1,0,0,1,2,3,3,1,8,0,0,1
1,0,0,0,3,2,1,3,1,3,4,2,1,3,4,4,37,1,0,0,0,1,0,0,1,5,3,2,1,7,0,4,1
2,1,0,0,3,2,3,3,1,3,4,2,1,3,4,7,31,1,0,0,0,1,0,0,1,3,3,2,1,8,1,0,1
1,0,0,0,1,2,3,3,1,2,4,1,1,2,2,4,27,1,0,0,0,1,0,0,1,4,1,3,1,8,0,0,1
2,0,0,0,3,3,1,3,1,1,1,3,2,3,4,2,34,0,0,1,0,1,0,0,1,4,2,2,2,8,0,0,1
2,0,1,0,3,3,1,3,3,4,3,2,3,3,4,6,27,1,0,0,0,1,0,0,1,5,2,3,2,9,1,2,1
3,0,0,1,1,1,1,3,3,2,3,2,3,3,3,6,18,0,0,0,0,1,0,0,1,2,1,3,2,6,0,4,1
3,0,0,1,3,1,1,3,3,4,3,1,2,2,3,7,20,0,0,1,1,1,0,0,1,2,1,2,2,6,1,1,1
1,0,1,0,3,3,1,3,1,3,4,2,2,2,4,7,30,1,0,0,0,1,0,0,1,3,2,2,1,5,0,0,1
3,1,0,0,3,3,3,3,1,2,3,2,3,3,4,7,40,0,1,0,0,1,0,0,1,2,1,2,2,8,0,2,1
1,1,0,0,1,2,3,3,1,3,3,1,2,3,3,3,46,0,0,1,1,1,0,0,1,5,3,2,1,8,0,0,1
1,0,0,1,1,3,3,1,3,4,1,3,1,3,4,8,21,0,0,0,0,1,0,0,1,6,3,1,1,8,0,0,1
3,0,1,0,1,3,1,3,1,2,3,2,3,2,4,3,29,1,0,0,1,1,0,0,1,2,3,2,1,7,0,1,1
2,0,0,0,1,3,1,1,3,4,4,1,1,2,2,3,35,1,0,1,0,1,0,0,1,5,3,3,1,5,0,1,1
3,0,0,0,1,3,1,1,3,2,3,1,1,3,1,2,27,0,0,0,0,1,0,0,1,2,3,3,1,7,0,4,1
3,0,1,0,3,3,1,3,1,3,3,2,1,3,4,6,27,0,0,1,0,1,0,0,1,4,1,3,2,1,0,1,1
3,1,0,0,3,3,1,3,1,3,3,1,2,3,4,5,29,0,0,0,1,1,0,0,1,1,3,3,2,4,2,0,1
3,1,0,0,1,3,1,1,1,1,3,1,1,3,1,2,25,0,0,1,0,1,0,0,1,5,3,2,1,7,2,0,1
1,1,0,0,3,3,1,3,3,1,3,4,3,4,3,4,27,0,0,1,0,1,0,0,1,5,3,3,1,7,2,0,1
1,0,0,0,1,3,1,3,3,3,2,1,3,3,4,2,22,0,0,1,0,1,0,0,1,1,3,3,1,9,1,3,1
3,0,0,0,1,1,3,1,3,2,3,1,1,2,4,8,20,0,0,0,1,1,0,0,1,1,1,3,2,1,0,4,1
2,0,0,0,1,3,3,1,3,2,4,2,2,2,4,2,24,0,0,0,0,1,0,0,1,5,3,2,1,7,0,3,1
3,0,1,0,1,1,3,1,3,1,4,1,2,3,4,5,24,0,0,0,0,1,0,0,1,1,1,3,2,3,0,4,1
3,1,0,0,2,3,1,1,1,2,3,1,1,1,1,3,54,0,0,0,0,1,0,0,1,2,1,3,1,1,0,4,1
1,1,0,0,1,1,3,3,1,4,3,2,2,2,4,3,35,1,0,0,0,1,0,0,1,5,1,2,1,8,0,0,1
1,1,0,0,3,3,3,3,1,4,2,1,1,3,2,9,33,0,1,0,0,1,0,0,1,4,3,3,2,1,0,2,1
3,0,1,0,1,1,3,3,1,1,4,2,2,3,4,3,35,0,0,1,0,1,0,0,1,4,1,3,1,5,0,0,1
1,1,0,0,1,1,3,3,1,1,3,1,2,2,5,3,68,0,0,0,0,1,0,0,1,5,1,2,1,6,0,0,1
1,1,0,0,1,1,3,3,1,3,3,2,2,3,4,5,29,0,0,0,0,1,0,0,1,4,3,3,1,6,0,0,1
1,1,0,0,1,1,3,3,1,2,3,4,3,3,4,3,43,0,0,1,0,1,0,0,1,5,3,2,1,9,0,0,1
1,1,0,0,1,3,3,3,3,3,2,1,1,2,4,3,47,0,0,0,1,1,0,0,1,5,1,1,1,6,0,3,1
2,1,0,0,1,3,1,3,3,3,4,2,1,3,3,8,25,1,0,0,0,1,0,0,1,5,1,3,1,8,1,2,1
3,0,0,0,3,1,3,1,3,4,2,2,2,2,3,9,24,0,0,0,0,1,0,0,1,2,1,3,1,1,1,2,1
2,0,0,0,3,3,3,1,3,3,3,2,3,3,4,9,22,0,0,0,0,1,0,0,1,5,2,3,1,8,2,1,1
3,0,0,0,3,3,3,2,1,4,3,1,2,3,3,7,26,0,0,0,1,1,0,0,1,3,1,2,2,3,0,4,1
3,0,0,1,3,3,1,1,1,1,4,2,1,3,2,3,46,0,0,1,0,1,0,0,1,3,2,3,1,7,2,0,1
1,1,0,0,1,3,3,1,3,3,2,2,1,3,5,5,36,0,0,0,1,1,0,0,1,5,3,3,1,5,1,1,1
3,0,0,0,1,3,3,1,1,3,3,3,2,3,5,8,23,0,0,0,0,1,0,0,1,2,1,3,1,7,1,0,1
