"ipip","wage1992","prtyid","ideol","gender"
3,0.614226460456848,7,5,1
4,0.674753963947296,5,5,1
4,0.267989993095398,7,6,1
1,0.261489987373352,1,4,1
3,0.109722658991814,2,1.76031398773193,1
4,0.464700013399124,5,3,0
3,0.673849999904633,3,5,1
5,0.532922327518463,4,2,1
2,0.600469946861267,1,1,1
4,0.785520017147064,2,3,1
3,0.367390006780624,5,2,0
3,0.387620002031326,7,4,0
2,0.394959986209869,2.81344485282898,3.64129209518433,1
3,0.312420010566711,5,2.78478455543518,1
4,1.13774001598358,4,4,0
3,0.600469946861267,7,6,1
3,0.461620002985001,6,4,0
3,0.785520017147064,1,4.72942161560059,0
3,0.408399999141693,5,3,1
5,0.518409967422485,7,4,1
2,0.267989993095398,3,2,0
3,0.265219986438751,3,4.41514348983765,1
4,0.614226460456848,3,5,1
3,0.476355999708176,4,3,0
5,0.52674674987793,7,6,1
3,0.277761608362198,3,6,1
2,0.581430017948151,5,5.59107351303101,1
3,0.408399999141693,2,4.28536224365234,1
5,0.261489987373352,4,3.28694152832031,1
3,0.538692891597748,5,5.31768941879272,1
5,0.267989993095398,1,4.20422458648682,1
5,0.408399999141693,6,5.18003034591675,0
4,0.440597921609879,6,4,1
3,0.394959986209869,2,4,1
3,0.511519968509674,1,2.74362277984619,0
3,0.785520017147064,6,4.51759815216064,0
5,0.785520017147064,5,6,0
3,0.614226460456848,4,4.76837301254272,0
3,0.673849999904633,5,6,0
2,0.65021002292633,2,3,1
3,0.592509984970093,5,5,0
3,0.644749999046326,6,3,1
4,0.267989993095398,6,5,0
5,0.614226460456848,2,5,0
3,0.62111485004425,1,4,1
3,0.701979994773865,2,3,1
5,0.427269995212555,6,6,1
3,0.189989998936653,6,4,1
3,0.511519968509674,2,2.93322658538818,0
4,0.518409967422485,7,7,0
5,0.335929989814758,5,4,1
2,0.65021002292633,1,2,0
3,0.592509984970093,7,4,0
4,0.367390006780624,4,4,0
5,0.387620002031326,5,4.90378427505493,0
3,0.785520017147064,6,3,0
3,0.320780009031296,1,6,1
3,0.394959986209869,7,6,1
5,0.785520017147064,7,6,1
5,0.267989993095398,2,2,0
3,0.414970010519028,7,6,0
5,0.309140026569366,4,3,0
4,0.406390011310577,1,2,1
3,0.673849999904633,7,6,1
5,0.511519968509674,1,2,0
3,0.614226460456848,2,2,0
3,0.261489987373352,2,4.90490818023682,1
4,0.600469946861267,1,5,1
5,0.785520017147064,7,7,0
5,0.509447515010834,1,5,1
3,0.364969998598099,5,5,0
3,0.320780009031296,7.2579140663147,7,1
3,0.336679995059967,2,3.75016260147095,0
5,0.390350013971329,3,4,0
3,0.785520017147064,7,4,0
3,0.446730017662048,5,4,0
3,0.365890830755234,7,6,1
1,0.309140026569366,7,4,0
2,0.408399999141693,7,4,1
3,0.592509984970093,7,2,0
3,0.662460029125214,1,2,0
2,0.267989993095398,2,4.19483613967896,1
5,0.592509984970093,3,5,0
3,0.903599977493286,2,2,0
5,0.477019995450974,5,4.38504552841187,0
3,0.545379996299744,5,6.43436098098755,0
5,0.688880026340485,5,6,1
5,0.309140026569366,2,5.69631099700928,0
2,0.265219986438751,4,3.73661828041077,0
4,0.592509984970093,1,2,1
3,0.701979994773865,7,6,1
3,0.903599977493286,5,5,0
3,0.408600002527237,1,3.71424007415771,0
3,0.785520017147064,1,2,1
1,0.529449999332428,1,4,0
4,0.320780009031296,7,2,1
5,0.364969998598099,5,3,1
3,0.361250013113022,2,2.46823763847351,1
5,0.662460029125214,4,4.96197509765625,0
3,0.673849999904633,4,5,1
4,0.425585001707077,5,4,1
3,0.532429993152618,1,6.13421583175659,0
3,0.440597921609879,1,2,0
4,0.367390006780624,4,2.73702335357666,0
3,0.785520017147064,5,5,0
4,0.688880026340485,2,5,0
4,0.385200023651123,4,5.4308910369873,0
4,0.309265941381454,3,6,1
5,0.701979994773865,6,4,0
3,0.401980012655258,1,4,0
3,0.177668660879135,5,7.4469575881958,1
3,0.343410015106201,2,3.43594098091125,1
2,0.65021002292633,4,3,1
1,0.462199747562408,7,6,0
3,0.343410015106201,4,4,0
3,0.785520017147064,6,5,0
4,0.592509984970093,1,4,0
3,0.175383105874062,1,6,0
4,0.351166784763336,4,4,1
3,0.424634009599686,2,2.81155467033386,1
3,0.673849999904633,3,0.490564346313477,0
1,0.688880026340485,2,4,1
3,0.364969998598099,1,4.27364349365234,1
3,0.320780009031296,3,3,1
3,0.281066924333572,3,3,1
5,0.609759986400604,6,2,1
4,0.320780009031296,1,3.17129445075989,1
5,0.400240004062653,6,5,1
3,0.600469946861267,3,4,1
5,0.518409967422485,3,4,1
3,0.600469946861267,2,4,1
5,0.785520017147064,7,4.46536731719971,0
5,0.785520017147064,5,5,0
5,0.451297104358673,4,6,1
5,0.539271235466003,4.67557907104492,6.5217490196228,1
3,0.644749999046326,1,6,0
3,0.320780009031296,6,5,1
1,0.385200023651123,1,3,1
3,0.665455162525177,7,5,1
3,0.315829992294312,2,3.57608103752136,1
4,0.785520017147064,3,3,0
3,0.518409967422485,7,6,1
5,0.614226460456848,7,6,0
3,1.10091006755829,6,5,0
4,0.600469946861267,6,5,1
3,0.600469946861267,2,4,1
3,0.785520017147064,5,6.79343557357788,1
5,0.414970010519028,7,4,0
4,0.36285999417305,6,4,0
3,0.65021002292633,4,4,0
4,0.464899986982346,4,2.82423543930054,1
5,0.785520017147064,5,4,1
3,0.785520017147064,2,2,0
3,0.785520017147064,1,3,1
4,0.785520017147064,7,5,0
3,0.600469946861267,5,6.5266432762146,0
5,0.511519968509674,4,4.14760875701904,0
5,0.551272451877594,5,4,0
4,0.673849999904633,5,6,0
3,0.785520017147064,6,5,0
4,0.673849999904633,6,5,0
3,0.614226460456848,6,6,0
3,0.720225930213928,7,6,0
2,0.793409943580627,5,6,0
3,0.701979994773865,2,5,0
5,0.320780009031296,1,5.81636810302734,1
3,0.487359970808029,3,3,0
4,0.394959986209869,4,5,1
5,0.529449999332428,3,2.54272317886353,0
4,0.320780009031296,1,4,1
5,0.785520017147064,2,6,0
3,0.609759986400604,2,4,1
3,0.614226460456848,3,2,0
4,0.267989993095398,1,3,1
4,0.394959986209869,4,4,1
5,0.785520017147064,3,4,0
3,0.614226460456848,5,6,0
3,0.65021002292633,7,6,0
5,0.343410015106201,4,3.57928490638733,1
3,0.8400399684906,6,4,0
5,0.267989993095398,7,5,1
3,0.267989993095398,1,4,1
5,0.552873373031616,1,6.40444278717041,1
5,0.65021002292633,5,6,1
4,0.312420010566711,2,3,1
4,0.511519968509674,3,5,0
5,0.785520017147064,7,5,0
2,-0.0416740030050278,2,4,1
1,0.487359970808029,5,3,0
5,0.614226460456848,6,3,1
1,0.402443557977676,7,6,1
5,0.265219986438751,5,4,1
3,0.343410015106201,2,0.832483291625977,1
1,0.320780009031296,3,1,0
3,0.785520017147064,6,4,0
3,0.793409943580627,2,5,0
4,0.120842352509499,5,3.61460757255554,1
4,0.903599977493286,7,4,1
3,0.414970010519028,7,7,0
5,0.407070010900497,1,5.94328880310059,1
3,0.8400399684906,5,6,0
3,0.673849999904633,1,5,0
3,0.529449999332428,5,4,1
1,0.267989993095398,3,4.6797046661377,1
5,0.785520017147064,6,3.98941969871521,0
3,0.785520017147064,7,6,0
3,0.688880026340485,5,4,1
5,0.390350013971329,3,7,0
3,0.381099998950958,4,2.4258017539978,0
3,0.461620002985001,1,4,0
4,0.394959986209869,3,4,1
4,0.65021002292633,7,6,0
1,0.673849999904633,7,6,1
3,0.509866118431091,5,5,1
3,0.581430017948151,3,2.19372463226318,0
4,0.511519968509674,3,2,0
3,0.0826074853539467,6,4.13231325149536,0
3,0.343410015106201,3,4.25622797012329,1
5,0.785520017147064,2,7,1
5,0.461620002985001,5,6,0
5,0.698559999465942,2,7,0
5,0.401980012655258,2,5.17086696624756,1
5,0.785520017147064,3,4,0
4,0.387620002031326,2,2.96238708496094,1
4,0.400240004062653,2,5.46819543838501,1
5,0.267989993095398,1,3.65392017364502,1
5,0.335929989814758,4,6.324631690979,0
1,0.520840048789978,6,4,0
2,0.600469946861267,4,4,0
3,0.673849999904633,1,2,0
3,0.394959986209869,3,2,1
5,0.394959986209869,6,6,1
5,0.401980012655258,3,5,1
3,0.673849999904633,1,5,1
3,0.614226460456848,3,1,0
4,0.457309991121292,3,4,0
4,0.394959986209869,7,5,1
5,0.600469946861267,2,4,1
3,0.407070010900497,2,4,1
4,0.701979994773865,7,4,1
3,0.903599977493286,4,5,0
3,0.315829992294312,6,4.29227495193481,0
5,0.387620002031326,1,2,1
5,0.614226460456848,1,6,0
4,0.315829992294312,4,4,0
3,0.312420010566711,5,3.50003838539124,1
2,0.600469946861267,4,3,1
4,0.343410015106201,2,5.17996740341187,0
4,0.367390006780624,4.8586573600769,6.26943445205688,0
4,0.440597921609879,2,4,0
5,0.343410015106201,3,4,1
2,0.400240004062653,1,4,1
2,0.320780009031296,7,5,1
3,0.414970010519028,5,5,0
5,0.903599977493286,7,5,0
4,0.600469946861267,6,3,1
5,0.903599977493286,5,5,0
3,0.609759986400604,5,3,1
3,0.394959986209869,6,4.14927959442139,1
4,0.632341802120209,6,5,0
3,0.401980012655258,3,3.39310908317566,0
5,0.208856374025345,2,6,1
2,0.688880026340485,2,2,1
2,0.592509984970093,4,6,0
4,0.464700013399124,1,2,1
4,0.688880026340485,7,4,1
3,0.408399999141693,2,5,0
3,1.10091006755829,6,5,0
5,0.614226460456848,7,6,0
3,0.267989993095398,4,4.11386251449585,1
5,0.408399999141693,1,1.95973300933838,1
3,0.408399999141693,3,4.80742359161377,1
3,0.477019995450974,2,5.00281047821045,0
3,0.487359970808029,4,3,0
3,0.343410015106201,3,6,1
3,0.65021002292633,3,2,1
4,0.284025818109512,2,2.27314186096191,1
3,0.446730017662048,3,2,0
5,0.600469946861267,5,6,1
5,0.267989993095398,4.07433080673218,3.9447774887085,0
3,0.600469946861267,2,3,1
2,0.498421847820282,1,2.13311457633972,1
5,0.518409967422485,7,5,0
4,0.36285999417305,5,4.87819337844849,0
5,0.414970010519028,4,4.24571323394775,0
4,0.400240004062653,5,4.89344310760498,1
3,0.785520017147064,5,3.93974471092224,1
3,0.777340054512024,7,7,0
4,0.600469946861267,2,4,1
2,0.785520017147064,7,6,0
4,0.614226460456848,2,5.30776929855347,1
5,0.401980012655258,2,3.28657126426697,0
3,0.309140026569366,7,4.30270576477051,1
4,0.477019995450974,2,5.00204706192017,0
3,0.394959986209869,1,1,1
5,0.381099998950958,2,4,1
4,0.293215334415436,1,7,1
5,0.446730017662048,4,3,1
2,0.785520017147064,6,4,1
4,0.343410015106201,4,2,1
5,0.427269995212555,2,7,0
4,0.688880026340485,2,4,1
3,0.785520017147064,6,5,1
4,0.511519968509674,2,5,0
4,0.440597921609879,1,3.75100612640381,0
4,0.785520017147064,3,3,0
3,0.427269995212555,1,1.3322137594223,0
4,0.407070010900497,3,2,1
3,0.343410015106201,4,4,0
4,0.267989993095398,2,4,0
3,0.267989993095398,1,1.84195160865784,1
4,0.394959986209869,3,2.80516481399536,1
3,0.343410015106201,6,4,1
4,0.343410015106201,2,4,0
5,0.592509984970093,2,4,0
3,0.3887699842453,7,6.34571981430054,0
5,0.737052321434021,7,6,0
4,0.461620002985001,1,3.96082234382629,0
2,0.394959986209869,4,4,1
5,0.614226460456848,5,4,1
5,0.673849999904633,6,4,1
3,0.673849999904633,7,6,0
3,0.785520017147064,7,6,0
3,0.394959986209869,3,5.15995454788208,1
5,0.414768576622009,3,5.9233455657959,1
3,0.343410015106201,6,6,1
4,0.400896817445755,6,2,1
4,0.592509984970093,1,3.8440215587616,0
3,0.487359970808029,2,2,0
1,0.263042360544205,4,1,1
3,0.614226460456848,3,2,1
5,0.267989993095398,3,4,1
4,0.501038551330566,6,5,0
3,0.540655851364136,2,4,1
3,0.464899986982346,6,6,1
4,0.320780009031296,7,6,1
3,0.529449999332428,1,3,0
2,0.600469946861267,7,6,1
4,0.414970010519028,7,6,0
5,0.387620002031326,5,6,1
3,0.62365996837616,1,4.71437549591064,0
4,0.785520017147064,4,5.84713983535767,0
3,0.673849999904633,5,5.80216598510742,1
3,0.267989993095398,4,2.52106666564941,1
3,0.461620002985001,1,1,0
5,0.474801003932953,7,6,1
3,0.701979994773865,6,5,0
5,0.600469946861267,4,3.94470906257629,1
3,0.267989993095398,1,6,1
5,0.364969998598099,5,3,1
4,0.343410015106201,1,4,1
2,0.387620002031326,6,4.61604118347168,1
3,0.520840048789978,4,5.85227632522583,0
4,0.614226460456848,3,3,0
5,0.400240004062653,7,6,0
3,0.785520017147064,6,6,0
5,0.65021002292633,1,4,1
5,0.903599977493286,3,4,0
3,0.400240004062653,6,4,1
5,0.73905998468399,5,5.01722383499146,1
2,0.364969998598099,2,3.69531607627869,1
5,0.464700013399124,3,2,1
3,0.903599977493286,5,3,1
5,0.315829992294312,1,3.37344861030579,1
4,0.511519968509674,5,5.4904055595398,0
2,0.205120116472244,6,4,1
4,0.315829992294312,3,3,1
3,0.400240004062653,6,4,1
5,0.407070010900497,3,4,1
4,0.335929989814758,2,1,0
4,0.304138690233231,4,4,1
3,0.22229677438736,3,3.15512681007385,1
4,0.320780009031296,5,4.63483190536499,1
3,0.600469946861267,2,4,1
3,0.446730017662048,1,4,0
5,0.343410015106201,2,2.11894941329956,1
4,1.13774001598358,1,1,0
3,0.518409967422485,1,4,0
5,0.8400399684906,7,7,0
1,0.408399999141693,3,2,1
5,0.369037300348282,2,4.29626703262329,1
3,0.785520017147064,5,4.4833459854126,0
5,0.545379996299744,4,4,0
3,0.309140026569366,3,4,0
3,0.400240004062653,5,4,1
3,0.315829992294312,2.20464444160461,4.81304836273193,0
4,0.903599977493286,5,5,0
3,0.189989998936653,4,4.46543645858765,1
2,0.367390006780624,4,4,0
5,0.315829992294312,7,6,0
5,0.267989993095398,2,1,1
3,0.390350013971329,4,3,0
5,0.440597921609879,5,7,0
2,0.343410015106201,1,2,1
3,0.785520017147064,2,3,1
3,0.606049120426178,2,4.45888042449951,1
3,0.65021002292633,7,3.73156404495239,1
3,0.315829992294312,1,3,1
3,0.673849999904633,4,6,0
2,0.315829992294312,3,2,0
2,0.261489987373352,2,5,1
3,0.584297716617584,5,5,1
3,0.267989993095398,4,3.92964339256287,1
3,0.559611141681671,6,5,0
4,0.394959986209869,6,5.37807178497314,1
4,0.614226460456848,4,4,0
1,0.461620002985001,5,5,0
1,0.903599977493286,6,5,0
4,0.461620002985001,1,1,0
5,0.777340054512024,5,5,0
3,0.903599977493286,5,5,0
4,0.265219986438751,3,3.91131520271301,0
3,0.267989993095398,7,4,1
4,0.777340054512024,3,3,0
3,0.644749999046326,2,2,0
3,0.614226460456848,7,6,1
4,0.785520017147064,7,6,0
4,0.320780009031296,1,4,1
3,0.487359970808029,2,3.3959743976593,0
3,0.75151002407074,1,2.93757390975952,0
5,0.392269968986511,3,3.35857391357422,1
3,0.545379996299744,5,6,0
3,0.644749999046326,7,5,1
3,0.799585342407227,1,2,1
5,0.688880026340485,6,3,0
4,0.644749999046326,3,3,0
3,0.785520017147064,3,2,1
4,0.414970010519028,1,6,0
3,0.401980012655258,4,5.55670642852783,1
4,0.285372883081436,2,2.81924867630005,1
3,0.8400399684906,1,3,1
3,0.374797612428665,6,6,1
3,0.394959986209869,5,5.04434490203857,1
3,0.167882934212685,3,4.99423408508301,1
4,0.609759986400604,3,3,0
3,0.511519968509674,3,4,0
3,0.367390006780624,2,3,1
3,0.8400399684906,4,3,0
4,0.598930716514587,3,2,1
3,0.320780009031296,1,3.76020669937134,1
5,0.592509984970093,6,5,1
3,0.592509984970093,6,5,0
3,0.644749999046326,2,2,1
5,0.903599977493286,5,5,0
2,0.701979994773865,5,5,0
1,0.461620002985001,4,4,0
4,0.487359970808029,5,6,0
4,0.673849999904633,2,3,1
2,0.614226460456848,4,4,0
3,0.36285999417305,4,4,0
3,0.559146046638489,4,4,1
3,0.581430017948151,4,4,0
5,0.343410015106201,2,3.37930274009705,1
3,0.609759986400604,5,6,1
4,0.600469946861267,2,5,1
2,0.343410015106201,3,3,1
5,0.408399999141693,5,4,1
3,0.511519968509674,3,4.00518941879272,0
5,0.189989998936653,3,5,1
5,0.614226460456848,4,4.74902153015137,1
3,0.688880026340485,6,4,1
5,0.315829992294312,1,6.14071655273438,1
3,0.785520017147064,4,4,0
3,0.408600002527237,1,3.1913001537323,1
3,0.267989993095398,5,3,1
4,0.43847069144249,7,3,0
4,0.511519968509674,4,3.03440308570862,0
5,0.335929989814758,2,4.78105878829956,0
5,0.401980012655258,1,2,1
4,0.688880026340485,1,4.47001171112061,1
1,0.189989998936653,1,5.52017259597778,1
1,0.84213000535965,2,1,0
3,0.434631526470184,6,5,1
4,0.267989993095398,2,4.39602899551392,1
4,0.350401669740677,4,3.48902893066406,1
4,0.394959986209869,6,6,1
5,0.511519968509674,2,5,0
5,0.347139686346054,7,4,1
5,0.614226460456848,5,7,0
1,0.343410015106201,2,4,0
3,0.785520017147064,4,4,1
4,0.343410015106201,4,5,1
4,0.440597921609879,4,5.12973356246948,0
3,0.315829992294312,2,2,0
5,0.532429993152618,4,4,0
3,0.320780009031296,3,3.55216407775879,1
1,0.336679995059967,6,5,0
4,0.394959986209869,7,3,1
4,0.390350013971329,4,5.3794093132019,0
1,0.793409943580627,3,4,0
3,0.673849999904633,5,4,0
5,0.400240004062653,4,4,0
5,0.614226460456848,6,5,0
5,0.532429993152618,5,6,1
4,0.408399999141693,2,5.39483499526978,0
3,0.343410015106201,5,5.84737157821655,0
1,0.644749999046326,6,6,0
3,0.8400399684906,4,2.82432961463928,1
3,0.457893252372742,5,4,1
3,0.417619258165359,2,7,1
3,0.464700013399124,5,4,1
3,0.581430017948151,5,5,0
3,0.312420010566711,3,3.81921172142029,1
3,0.320780009031296,1,4.72652769088745,1
3,0.408600002527237,1,3.62026047706604,1
4,0.267989993095398,4,5,1
5,0.267989993095398,2,4.0608172416687,1
3,0.785520017147064,3,2,0
2,0.427269995212555,2,6,0
5,0.408399999141693,1.18321752548218,3,0
3,0.394959986209869,3,4,1
5,0.267989993095398,6,4,0
3,0.614226460456848,7,5,0
5,0.518409967422485,5,7,0
3,0.84213000535965,3,2,1
4,0.312420010566711,1,4,1
5,0.312420010566711,2,4,1
3,0.394959986209869,2,4,1
4,0.609759986400604,5,4,1
5,0.468820005655289,2.11964464187622,4,1
4,0.385200023651123,3,4,0
4,1.13774001598358,2,3,0
3,0.532429993152618,7,6,0
3,0.614226460456848,2,4,0
4,0.644749999046326,3,4,1
4,0.320780009031296,2,1.43247222900391,1
5,0.609759986400604,2,5.51011657714844,1
4,0.343410015106201,3,5,0
4,0.662460029125214,4,3,0
5,0.600469946861267,3,4,1
2,0.320780009031296,1,2,0
2,0.312420010566711,3,4,0
4,0.62365996837616,1,4,0
3,0.600469946861267,6.30257844924927,4,1
3,0.614226460456848,5,4,0
3,0.227700740098953,5,2.83100843429565,1
3,0.189989998936653,2,6,1
3,0.408600002527237,1,3,1
3,0.401980012655258,5,3.82940196990967,1
3,0.261489987373352,5,6,1
5,0.511519968509674,2,3.23091673851013,0
4,0.407070010900497,3,4,1
3,0.311060339212418,6,4.59169292449951,1
5,0.532429993152618,6,6,1
3,0.461620002985001,5,4.67121648788452,0
3,0.486762195825577,4,5,1
1,0.671472132205963,2,3.04130482673645,0
3,0.335929989814758,5,4,0
4,0.343410015106201,2,2,1
4,0.614226460456848,1,2,0
4,0.614226460456848,1,2,0
3,0.8400399684906,7,6,0
4,0.487359970808029,2,3,0
4,0.532429993152618,7,4,1
4,0.464899986982346,2,5.2249698638916,0
4,0.408600002527237,3,4,0
3,0.401980012655258,5,5,0
4,0.701979994773865,3,3.51746153831482,0
3,0.387620002031326,5,7,1
1,0.312420010566711,2,6,1
3,0.312420010566711,5,4,1
5,0.600469946861267,7,2,0
5,0.532429993152618,7,6,0
3,0.408399999141693,1,3,0
4,0.511519968509674,1,7,0
3,0.662460029125214,6,4,0
5,0.364969998598099,6,2.8793203830719,1
3,0.343410015106201,5,5.38748598098755,0
1,0.656294763088226,3,2,1
3,0.511519968509674,4,5.57366609573364,0
4,0.673849999904633,4,5.40317630767822,1
4,0.315829992294312,7,4,0
3,0.427269995212555,7,2,0
4,0.343410015106201,2,5,1
3,0.408399999141693,3,5,1
3,0.315829992294312,3,4,1
5,0.539596259593964,6,6,1
3,0.401980012655258,4,5,0
5,0.408399999141693,4,4,1
5,0.401980012655258,1,3.66084933280945,1
4,0.288257867097855,3,4,0
5,0.292011886835098,6,5,1
5,0.315829992294312,4,4,0
5,0.394959986209869,5,6,1
3,0.461620002985001,6,5,0
4,0.189989998936653,2,4.3779501914978,1
4,0.302562892436981,1,2,1
5,0.398467570543289,1,4,1
3,0.673849999904633,5,5,1
4,0.511519968509674,4,6.3724193572998,0
3,0.387620002031326,6,5,0
3,0.592509984970093,2,4,0
3,0.267989993095398,4,4,1
5,0.785520017147064,6,6,0
3,0.36285999417305,2,1.45004844665527,1
5,0.408399999141693,5,6,0
4,0.267989993095398,6,7,1
1,0.350434333086014,5,4,1
5,0.614226460456848,6,5,1
5,0.401980012655258,3,4.15759325027466,1
3,0.903599977493286,6,4,0
4,0.407070010900497,3,6,1
2,0.457309991121292,6,4.42333602905273,0
2,0.644749999046326,5,4,0
4,0.62365996837616,7,6,0
4,0.267989993095398,2,7,1
3,0.414970010519028,5,2,0
4,0.50785905122757,6,5,0
3,0.609759986400604,7,4.58852529525757,1
3,0.785520017147064,1,4,1
4,0.903599977493286,6,3,0
1,0.609759986400604,3,6,1
5,0.62365996837616,2,4,0
3,0.257362097501755,2.51499557495117,0.737713575363159,1
3,0.400240004062653,1,2,1
4,0.614226460456848,7,6,1
5,0.614226460456848,2,4,0
4,0.518409967422485,1,4,0
1,0.785520017147064,5,4,0
5,0.614226460456848,6,3,1
4,0.427269995212555,3,4.40495014190674,0
3,0.521999061107635,5,4,1
5,0.267989993095398,4,4,0
3,0.903599977493286,4,4,0
5,0.688880026340485,6,4,1
5,0.312420010566711,6,4,1
3,0.532429993152618,1,5,0
4,0.673849999904633,6,4,1
3,0.309140026569366,4,5.93531608581543,0
3,0.785520017147064,6,5,1
4,0.600469946861267,5,7,1
5,0.221289843320847,1,4,1
4,0.487359970808029,5,4.9804892539978,0
4,0.560933232307434,5,3,0
4,0.785520017147064,6,7,0
1,0.644749999046326,3,2,0
1,0.309140026569366,5,5,0
4,0.673849999904633,3,2,0
5,0.532429993152618,2,1.96779584884644,0
5,0.315829992294312,1,4.28234386444092,1
3,0.440597921609879,4,7,0
3,0.343410015106201,5,6,1
3,0.320780009031296,2,4.43929719924927,1
5,0.364969998598099,1,6,1
5,0.661948442459106,2,1,1
4,0.519009828567505,5,5,1
3,0.464700013399124,5,4.91514539718628,1
3,0.487359970808029,7,6.7803316116333,0
3,0.461620002985001,7,4,0
5,0.315829992294312,1,7,0
2,0.84213000535965,3,1,1
3,0.314452230930328,3,3.89386129379272,1
3,0.600469946861267,6,4,1
3,0.487359970808029,4,5,0
3,0.487359970808029,1,4,0
3,0.785520017147064,6,4,0
4,0.343410015106201,3,4,1
5,0.774982333183289,6,6,1
3,0.387620002031326,4,1.89278388023376,1
5,0.614226460456848,6,5,1
3,0.343410015106201,2,3,0
5,0.315829992294312,2,4,0
5,0.785520017147064,7,5,0
3,0.532429993152618,6,4,1
1,0.635304033756256,7,6,1
3,0.903599977493286,2,3,0
3,0.343410015106201,5,6,0
3,0.261489987373352,3,2.51877307891846,1
3,0.688880026340485,5,3,1
4,0.400240004062653,5,5.69054698944092,1
3,0.65021002292633,2,3,1
3,0.506669819355011,4,5.21563911437988,1
3,0.560619652271271,1,3,1
3,0.785520017147064,3,2,1
3,0.401980012655258,4,4,0
3,0.390350013971329,2,6,0
3,0.026164960116148,6,5.26210308074951,1
3,0.785520017147064,6,6,0
3,0.84213000535965,2,3,1
1,0.320780009031296,1,4,1
4,0.0316915735602379,2,3,0
3,0.785520017147064,3,3,0
3,0.461620002985001,1,2.63447594642639,1
3,0.511519968509674,7,7,0
3,0.36285999417305,3,5,1
4,0.793409943580627,2,2,1
3,0.477019995450974,1,4,0
3,0.614226460456848,5,5,0
3,0.381099998950958,-0.357584923505783,1.67144370079041,1
4,0.367390006780624,2,4,0
2,0.644749999046326,2,4,0
3,0.600469946861267,5,6,0
3,0.408399999141693,4,4,1
3,0.600469946861267,2,4,1
5,0.614226460456848,4,4,0
5,0.614226460456848,6,4.4210000038147,0
4,0.487790405750275,5,4,1
5,0.318367272615433,6,4,1
4,0.475648939609528,1,5.5469856262207,1
2,0.267989993095398,2,2.65048670768738,1
2,0.394959986209869,2,3,1
2,0.407070010900497,5,2.49910163879395,1
3,0.394959986209869,5,3,1
3,0.394959986209869,3,3,1
4,0.785520017147064,6,6,0
5,0.487359970808029,7,3,0
5,0.404377937316895,3,4,1
5,0.401980012655258,1,1,0
3,0.343410015106201,5,3,1
4,0.8400399684906,3,4,0
4,0.785520017147064,2,4,0
5,0.592509984970093,4,6,0
4,0.417596906423569,6,4,1
5,0.785520017147064,6,4,0
5,0.394959986209869,2,4,1
3,0.84213000535965,3,3,0
3,0.394959986209869,5.54289484024048,5.21801233291626,1
4,0.628077983856201,7,5,1
5,0.494225233793259,6,4.49646711349487,1
3,0.312420010566711,2,5,1
3,0.359252244234085,3,3.73452687263489,1
4,0.446730017662048,2,4,0
3,0.581430017948151,2,3,0
3,0.609759986400604,1,2,1
4,0.394959986209869,2,3.37191009521484,1
3,0.688880026340485,4,4,1
5,0.511519968509674,1,6,0
3,0.688880026340485,1,2,0
3,0.644749999046326,4,3,0
5,0.592509984970093,4,4,0
5,0.320780009031296,2,3.26285624504089,1
5,0.785520017147064,6,6,0
4,0.600469946861267,5,3,1
4,0.511519968509674,6,6,0
3,0.903599977493286,6,5,0
3,0.785520017147064,1,2,1
3,0.532429993152618,3,1,0
3,0.65021002292633,4,4,1
5,0.614226460456848,2,3,1
5,0.511519968509674,1,7,0
1,0.218387693166733,5,3.47313857078552,1
4,0.440597921609879,3,4.58781814575195,0
3,0.267989993095398,6,4,1
3,0.785520017147064,2,4,1
5,0.692411422729492,2,4,1
3,1.13774001598358,3,4,0
3,0.320780009031296,6,7.8465256690979,1
5,0.532429993152618,1,4,1
5,0.600469946861267,5,6,1
1,0.785520017147064,5,5,0
3,0.785520017147064,5,5,1
3,0.556646347045898,3,3.83575582504272,1
5,0.688880026340485,6,5,0
2,0.400240004062653,2,4,1
3,0.688880026340485,5,5,1
5,0.673849999904633,6,5,1
3,0.407070010900497,7,5,1
3,0.785520017147064,5,6,1
4,1.10091006755829,6,5,0
4,0.401980012655258,7,2,0
5,0.600469946861267,6,5,0
3,0.614226460456848,2,5,0
3,0.343410015106201,1,3,1
3,0.75911033153534,1,2,1
5,0.785520017147064,7,5,1
5,0.609759986400604,5,4,1
2,0.65021002292633,3,2,0
2,1.13774001598358,1,2,0
3,0.407070010900497,4,3.31329798698425,1
4,0.3887699842453,2,4,0
4,0.65021002292633,5,6,0
4,0.903599977493286,4,4,0
2,0.406390011310577,2,1.00460040569305,1
3,0.357941329479218,1,2,1
2,0.609759986400604,2,2,1
5,0.592509984970093,7,7.01957559585571,0
3,0.688880026340485,3,5,1
5,0.701979994773865,5,5,0
2,1.10091006755829,1,1,1
5,0.408600002527237,2,3.42028427124023,1
1,0.414970010519028,5,6,0
4,0.364969998598099,6,4,1
4,0.673849999904633,4,4,1
4,0.267989993095398,1,5,1
5,0.477019995450974,6,2,0
5,0.309140026569366,5,5,0
3,0.394959986209869,2,2,1
4,0.592509984970093,1,3.67738175392151,0
3,0.785520017147064,2,5.35192012786865,0
4,0.785520017147064,6,3,1
5,0.52087539434433,1,2.57998585700989,1
3,0.644749999046326,1,4,1
3,0.785520017147064,4,4,0
2,0.320780009031296,7,6,1
3,0.679231524467468,2,4,1
5,0.407070010900497,1,5,1
5,0.600469946861267,1,4,1
4,0.600469946861267,6,4,1
3,0.407070010900497,4,4,1
2,0.688880026340485,5,5,1
2,0.320780009031296,1,6,1
2,0.588622570037842,6,5,1
5,0.785520017147064,1,4,0
5,0.62365996837616,5,4,0
3,0.320780009031296,5,4.56063985824585,1
5,0.340220004320145,7,4,1
5,0.785520017147064,1,2,0
1,0.532429993152618,7,4,0
3,0.614226460456848,2,2,1
2,0.261489987373352,3,2.66893219947815,1
4,0.532429993152618,1,2,0
3,0.400240004062653,5,4,1
5,0.785520017147064,7,5,0
2,0.320780009031296,1,2,0
3,0.328473567962646,4,4,1
4,0.267989993095398,1,3,1
3,0.386619985103607,5,4,0
3,0.427269995212555,6,5,1
3,0.132970705628395,6,3.12591671943665,1
4,0.394959986209869,5,4,1
3,0.644749999046326,7,6,1
4,0.408399999141693,2,4,0
4,0.461620002985001,5,4,0
3,0.785520017147064,7,6.37699127197266,0
1,0.429800182580948,1,5,1
3,0.46580970287323,3,4,1
5,0.532429993152618,1,7.04178857803345,0
4,0.785520017147064,4,5,0
3,0.609759986400604,7,5,0
3,0.785520017147064,7,5,0
5,0.57738322019577,6,4,1
1,0.84213000535965,2,1,1
1,0.581430017948151,2,4.19772291183472,1
5,0.408600002527237,2,1,1
3,0.394959986209869,3,3.19109487533569,1
4,0.807094752788544,7,6,1
4,0.312420010566711,3,4.32284069061279,1
3,0.461620002985001,2,2.67043399810791,0
4,0.673849999904633,4,2,1
5,0.309140026569366,7,5,0
5,0.390350013971329,1,6,0
5,0.785520017147064,7,4,0
3,0.427269995212555,7,5,1
3,0.673849999904633,6,5,1
5,0.412963688373566,4,2,0
5,0.785520017147064,5,5,0
5,0.785520017147064,1,3,0
3,0.600469946861267,1,2,1
3,0.343410015106201,6,4,1
3,0.267989993095398,3,4,1
4,0.520840048789978,3,5,0
5,0.511519968509674,4,4,0
4,0.401980012655258,4,6,0
3,0.592509984970093,7,6,0
5,0.62978994846344,4,5.18206071853638,0
3,0.261489987373352,3,4.07417964935303,1
3,0.351714789867401,3,2.90618681907654,1
3,0.688880026340485,3,3.56826043128967,1
3,0.460534811019897,2,5,1
4,0.609759986400604,7,6,1
4,0.62365996837616,4,6,0
3,0.527765572071075,2,4.75979852676392,1
3,0.401980012655258,1,3,0
3,0.673849999904633,4,5,0
4,0.343410015106201,7,4,1
5,0.529449999332428,1,2,1
5,0.400240004062653,1,4,1
3,0.322671890258789,2,5,0
2,0.785520017147064,2,3,1
3,0.614226460456848,6,4,0
4,0.320780009031296,3,1,1
3,0.755437135696411,2,2.69797778129578,1
4,0.532429993152618,3,4,0
3,0.446730017662048,7,4,0
5,0.65021002292633,1,4,0
3,0.688880026340485,7,5,0
5,0.464700013399124,3,3.28601837158203,1
3,0.688880026340485,6,6,1
3,0.446730017662048,5,5,0
4,0.320780009031296,3,3.38284587860107,1
3,0.785520017147064,1,4,0
3,1.13774001598358,3,3,0
5,0.408600002527237,1,5.05861520767212,1
3,0.644749999046326,5,5,0
3,0.312420010566711,3,4.45470857620239,1
4,0.158909603953362,5,4,0
4,0.414970010519028,1,4,0
3,0.511519968509674,4,4,0
4,0.600469946861267,6,3.5437183380127,0
3,0.536454796791077,4,4,1
4,0.394959986209869,2,4,1
3,0.903599977493286,7,4,0
4,0.673849999904633,7,7,0
2,0.600469946861267,3,2,1
4,0.267989993095398,4,3.97210907936096,1
3,1.10091006755829,3,2,0
3,0.62365996837616,1,4,0
3,0.785520017147064,6,5,0
4,0.614287912845612,4,3,1
5,0.592509984970093,7,7,0
4,0.477019995450974,4,5.98841524124146,0
4,0.401980012655258,4,5.93901443481445,1
3,0.600469946861267,1,2,1
3,0.62365996837616,7,6,0
3,0.267989993095398,2,2.9765202999115,1
4,0.662460029125214,5,6,0
5,0.461620002985001,3,4.73839426040649,0
3,0.62365996837616,6,4,0
3,0.460766106843948,4,3,1
2,0.477019995450974,6,3,0
3,0.487359970808029,2,4.64277315139771,0
5,0.600469946861267,2,2,1
5,0.390350013971329,3,5.36110782623291,0
3,0.673849999904633,1,2,0
5,0.640781223773956,6,4,1
4,0.499779343605042,2,5.04529047012329,1
3,0.464700013399124,1,4,1
4,0.662460029125214,4,5,0
4,0.614226460456848,6,5,1
5,0.464899986982346,1,4,0
3,0.401980012655258,2,3,0
2,0.903599977493286,2,4,0
1,0.609759986400604,6,5,1
3,0.673849999904633,6,3,1
4,0.785520017147064,2,2,0
5,0.401980012655258,3,4.71786022186279,0
4,0.312420010566711,3,2,1
4,0.785520017147064,2,3.8185887336731,1
3,0.320780009031296,1,7,1
1,0.267989993095398,1,2,0
3,0.688880026340485,2,5,1
3,0.394959986209869,2,3,1
4,0.592509984970093,6,5,0
4,0.394959986209869,4,5.34845113754272,1
3,0.673849999904633,5,5,0
5,0.614226460456848,4,5.75803184509277,1
4,0.65021002292633,4,3,0
3,0.464700013399124,7,5,1
3,0.394959986209869,3,3,1
3,0.487359970808029,3,5,0
4,0.427269995212555,1.56566023826599,3.63748359680176,1
3,0.65021002292633,3,2,0
3,0.400240004062653,2,4,0
4,0.532429993152618,2,3.18223810195923,0
5,0.267989993095398,4,2,1
3,0.265219986438751,5,4,0
3,0.673849999904633,2,5,0
4,0.427269995212555,5,5,0
3,0.464899986982346,1,5,1
3,0.315829992294312,1,5,1
5,0.511519968509674,5,4.75885963439941,0
3,0.340220004320145,6,6.89856004714966,0
5,0.151615083217621,4,4.26280927658081,1
3,0.356948524713516,4,2,1
4,0.3887699842453,5,2,0
3,0.461620002985001,1,5,0
3,0.793409943580627,3,3,0
3,0.407070010900497,3,4,1
5,0.785520017147064,3,1,1
3,0.673849999904633,2,4,1
3,0.320780009031296,6,5,1
4,0.84213000535965,4,5,0
3,0.343410015106201,2,4,1
4,0.464899986982346,6.02079439163208,3.50115537643433,1
2,0.343410015106201,2,4,1
5,0.688880026340485,3,4,1
3,0.394959986209869,4,3.97953104972839,1
5,0.614226460456848,3,5.50510215759277,0
5,0.408399999141693,1,2,1
3,0.614226460456848,3,4,1
5,0.461620002985001,5,4,0
3,0.554013967514038,5,6,0
3,0.614226460456848,3,4,0
3,0.394959986209869,4,4,1
4,0.320780009031296,1,5,1
2,0.600469946861267,3,1,0
3,0.267989993095398,7,3.80836868286133,0
4,0.413259595632553,1,2.68213129043579,1
2,0.623979806900024,3,3,1
5,0.600469946861267,4,4,1
3,0.343410015106201,3,2.66378688812256,1
5,0.369098246097565,4,3.09501767158508,1
3,0.414970010519028,5,5,0
4,0.394959986209869,4,6.05101776123047,1
3,0.537585854530334,3,5,1
3,0.320780009031296,1,1.28272461891174,1
3,0.903599977493286,5,5,0
5,0.335929989814758,6,2,0
5,0.461620002985001,2,4,0
4,0.222702503204346,7,6,1
4,0.477019995450974,1,2,0
5,0.343410015106201,1,5,1
5,0.551801562309265,2,4,1
3,0.777340054512024,1,2,1
4,0.8400399684906,4,4,0
4,0.701979994773865,4,3,1
5,0.394959986209869,3,4,1
5,0.785520017147064,2,2,0
3,0.8400399684906,5,4,0
4,0.387620002031326,2,3,1
4,0.600469946861267,3,4,0
3,0.320780009031296,3,1,0
5,0.457309991121292,2,2.81412506103516,0
5,0.352994054555893,7,3.98159193992615,1
4,0.320780009031296,5,5.73258590698242,1
3,0.785520017147064,2,3.07633805274963,1
3,0.343410015106201,1,4.34022092819214,1
3,0.401980012655258,3,2,0
1,0.343410015106201,6,5.92454433441162,1
3,0.785520017147064,2,3,0
2,0.315829992294312,1,4,1
4,0.394959986209869,4,2.59261274337769,1
2,0.600469946861267,1,2.09480857849121,1
5,0.688880026340485,4,7,1
2,0.518409967422485,2,2,1
3,0.701979994773865,7,7,0
5,0.309140026569366,5,2.52533602714539,0
5,0.600469946861267,2,6,0
1,0.600469946861267,3,4,1
3,0.189989998936653,1,2,1
4,0.315829992294312,1,2,1
2,0.487359970808029,6,4,0
4,0.343410015106201,1,2,1
3,0.461620002985001,6,4,0
3,0.673849999904633,1,3,1
3,0.416694968938828,2,4,1
3,0.673849999904633,2,4,0
3,0.609759986400604,7,5,1
3,0.193326205015182,3,3,1
4,0.614226460456848,2,5,1
2,0.387620002031326,4,4,0
1,0.320780009031296,3,3,0
4,0.517017245292664,2,4,1
3,0.545379996299744,1,4,0
5,0.401980012655258,4,5,1
5,0.628267347812653,7,6,0
1,0.181255176663399,2,3.4393196105957,1
5,0.189989998936653,2.01444625854492,6.17034769058228,1
4,0.464700013399124,4,3,1
4,0.609759986400604,5,6,1
5,0.394959986209869,7,7,1
4,0.340220004320145,1,3,0
3,0.614226460456848,5,4,0
4,0.785520017147064,3,4,0
5,0.408600002527237,1,5.08981418609619,1
2,0.320780009031296,7,6,1
5,0.461620002985001,1,3.92726302146912,0
2,0.609759986400604,7,4,1
3,0.39943727850914,3,6,1
4,0.65021002292633,6,4,1
4,0.547326922416687,7,7,0
5,0.414970010519028,4,5,0
3,0.414970010519028,6,3.44617319107056,0
4,0.614226460456848,5,4.62293863296509,1
3,0.407070010900497,3,4.0583233833313,1
2,0.29844069480896,7,4,1
5,0.785520017147064,5,5,1
5,0.785520017147064,7,7,0
5,0.532429993152618,2,4,0
3,0.673849999904633,1,4,0
4,0.65021002292633,2,6,1
5,0.511519968509674,4,6,0
5,0.414970010519028,1,4,0
4,0.407070010900497,7,6,0
3,0.408399999141693,2,7,1
3,0.600469946861267,2,2,1
4,0.532429993152618,1,6,1
4,0.785520017147064,6,6,0
1,0.309140026569366,1,4,0
2,0.673849999904633,4,4,1
3,0.464700013399124,7,7,1
4,0.400240004062653,6,5,1
4,0.785520017147064,2,4.16432857513428,0
4,0.785520017147064,6,4,0
3,0.688880026340485,6,5,1
3,0.785520017147064,7,6,0
4,0.339776456356049,1,5,1
3,0.592509984970093,5,6,0
5,0.407070010900497,1,5,0
3,0.3577840924263,2,6,1
3,0.464700013399124,6,3,1
5,0.673849999904633,7,4,1
3,0.320780009031296,7,6,0
3,0.406390011310577,5,5,1
5,0.518409967422485,6,4,1
5,0.427269995212555,4,3.68232798576355,0
4,0.8400399684906,2,5,1
5,0.673849999904633,3,4,0
4,0.265219986438751,3,2,0
4,0.785520017147064,2,3,0
4,0.785520017147064,5,6.40460538864136,1
4,0.701979994773865,6,4,1
4,0.614226460456848,3,4,1
3,0.511519968509674,5,3,0
3,0.511519968509674,7,6,0
3,0.390350013971329,6,5.55123472213745,0
3,0.785520017147064,1,2,1
3,0.785520017147064,6,5,0
3,0.600469946861267,2,2,1
4,0.701979994773865,3,1,1
4,0.688880026340485,3,4,1
3,0.400240004062653,4,4,1
3,0.623320877552032,2,2,0
5,0.511519968509674,4,4,0
3,0.614226460456848,4,5,0
4,0.614226460456848,6,5,0
4,0.697481691837311,3,5,0
3,0.219824627041817,1,2.82282257080078,1
3,0.575664699077606,5,7,1
4,0.785520017147064,2,4,1
3,0.785520017147064,5,4,0
3,0.261489987373352,1,4.68440103530884,1
1,0.261489987373352,1,2.68645429611206,1
3,0.477019995450974,4,4,0
3,0.320780009031296,5,4,1
4,0.511519968509674,2,5,0
3,0.614226460456848,6,6,0
3,0.614226460456848,6,6,1
3,0.614226460456848,5,3,0
3,0.600469946861267,7,7,1
4,0.315829992294312,3,2,0
3,0.903599977493286,6,5,0
5,0.400240004062653,6,4,1
5,0.343410015106201,1,3,1
4,0.662460029125214,7,5,0
1,0.777340054512024,3,2,1
4,0.407070010900497,3,5,1
3,0.343410015106201,1,4,0
5,0.390350013971329,7,5.62756013870239,0
3,0.520909309387207,2,4,1
3,0.335929989814758,5,5,0
3,0.407070010900497,3,5,1
5,0.614226460456848,6,4,0
3,0.184227809309959,6,5.26853132247925,1
5,0.400240004062653,5,5.43729162216187,1
4,0.270607680082321,1,4,1
3,0.600469946861267,4,4.96018409729004,1
5,0.600469946861267,1,5,1
5,0.62365996837616,3,4,0
3,0.477019995450974,5,3,0
4,0.785520017147064,4,4,0
3,0.673849999904633,2,3,0
4,0.315829992294312,4,5,0
2,0.189989998936653,1,3,1
5,0.532429993152618,6,3,0
4,0.400240004062653,7,7,1
5,0.400240004062653,6,3,1
5,0.477019995450974,1,2.3981614112854,0
3,0.305387228727341,7,4.57209491729736,1
3,0.386619985103607,3,5.53643321990967,0
3,0.487359970808029,2,6,0
3,0.401980012655258,2,4,0
3,0.785520017147064,1,3,0
4,0.487359970808029,2,2,0
4,0.552335441112518,3,4.75357723236084,1
3,0.600469946861267,2,2.88738512992859,1
4,0.407070010900497,6,5,1
3,0.414970010519028,7,4,0
4,0.335929989814758,3,5,0
4,0.343410015106201,1,2,1
3,0.62365996837616,1,2,0
3,0.367390006780624,4,4.07343530654907,0
1,0.267989993095398,1,3.94098567962646,1
5,0.461620002985001,1,1,0
4,0.592509984970093,4,5.71417999267578,0
3,0.265219986438751,2,2.39824962615967,0
3,0.532539963722229,1,4,0
3,0.606409788131714,3,4,1
4,0.811451494693756,4,3,1
3,0.785520017147064,6,4.49413347244263,1
3,0.340220004320145,2,2.82776594161987,1
3,0.673849999904633,1,4,1
5,0.267989993095398,1,3,0
3,0.446730017662048,1,2,1
3,0.427269995212555,1,3,0
5,0.265219986438751,1,4,1
4,0.785520017147064,3,4,1
4,0.532429993152618,6,4,0
5,0.614226460456848,5,7,0
5,0.785520017147064,6,5,1
4,0.464700013399124,6,5,1
3,0.688880026340485,3,4,0
5,0.518409967422485,3,4,1
4,0.427269995212555,2,5,0
4,0.309969514608383,6,4.33082485198975,1
5,0.400240004062653,1,3,1
4,0.427269995212555,1,5,0
3,0.65021002292633,1,3,1
2,0.581430017948151,2,5,0
3,0.414970010519028,6,5.62126684188843,0
5,0.414970010519028,7,6,0
2,0.267989993095398,3,6,1
4,0.364969998598099,2,3,1
5,0.394959986209869,3,4,1
3,0.407070010900497,3,1.64495313167572,1
3,0.614226460456848,3,5.25106573104858,0
4,0.439313650131226,2,4.94880771636963,1
4,0.440597921609879,4,5.11251640319824,0
4,0.62365996837616,1,4,0
3,0.394959986209869,2,4,1
5,0.511519968509674,2,5.84215354919434,0
4,0.343410015106201,4,4,1
2,0.267989993095398,1,1,0
3,0.62365996837616,6,4,0
3,0.277874290943146,2,3.62104797363281,1
3,0.394959986209869,1,2,1
5,0.341296195983887,3,4,1
3,0.52778035402298,6,6,1
3,0.785520017147064,2,6,0
2,0.532539963722229,5,6,0
3,0.903599977493286,7,6,0
3,0.487359970808029,1,3.16951274871826,0
5,0.312420010566711,3,5,1
3,0.529449999332428,1,2,1
3,0.315829992294312,3,3.53340411186218,1
3,0.592509984970093,6,3,0
3,0.368962943553925,1.71263861656189,5.16096115112305,1
5,0.581430017948151,5,5,0
5,0.320780009031296,4,4,1
3,0.400240004062653,7,4,1
5,0.315391063690186,1,3,1
5,0.785520017147064,2,3,0
3,0.785520017147064,4,3.69744873046875,0
4,0.320780009031296,1,3.81774115562439,1
5,0.343410015106201,7,5,1
3,0.349567860364914,6,5,1
1,0.595108866691589,7,5.46110200881958,1
3,0.475032299757004,4,7,1
4,0.528099238872528,7,5,1
4,0.315829992294312,1,5,0
1,0.343410015106201,2,2,1
4,0.446730017662048,6,4,1
4,0.320780009031296,2,4.73079347610474,1
5,0.426508188247681,3,5,1
2,0.408600002527237,7,7,1
3,0.529449999332428,1,6,0
4,0.394959986209869,1,2,1
3,0.461620002985001,4,3.00378441810608,0
3,0.265219986438751,1,4.9688401222229,1
4,0.614226460456848,3,5,1
3,0.344437599182129,4,6.36282587051392,1
4,0.65021002292633,7,5,0
4,0.30683645606041,2,1.26946127414703,1
3,0.401980012655258,3.09741950035095,4.81203079223633,1
4,0.451355427503586,7,6,1
5,0.592509984970093,5,5,0
4,0.62365996837616,4,2.55615520477295,0
4,0.381099998950958,7,6,0
4,0.511519968509674,6,4,0
4,0.261489987373352,5,5,0
1,0.38215759396553,7,4,1
5,0.532429993152618,7,6,0
3,0.518409967422485,2,3,1
5,0.696053743362427,1,4,1
4,0.3887699842453,2,3,0
3,0.614226460456848,5,5,1
3,0.343410015106201,3,4,1
3,0.36285999417305,1,3.86406755447388,0
3,0.267989993095398,4,5.65235710144043,1
4,0.701979994773865,2,5,0
5,0.785520017147064,2,2,0
5,0.903599977493286,5,5,0
5,0.401980012655258,2,4,1
4,0.701979994773865,7,6,0
5,0.189989998936653,1,2,1
3,0.464043259620667,6,3.72933721542358,0
2,0.407070010900497,1,4,1
4,0.688880026340485,6,3,1
4,0.320780009031296,2,1.57246768474579,1
2,0.600469946861267,3,2,0
4,0.520178377628326,4,4,0
3,0.481878966093063,2,5,1
4,0.267989993095398,5,6,1
4,0.793409943580627,7,5,1
2,0.518409967422485,3,3,1
4,0.189989998936653,1,3,1
5,0.335929989814758,1,3,1
3,0.408399999141693,4,4,0
4,0.785520017147064,5,5,0
3,0.401980012655258,6,6,0
1,0.440597921609879,6,4,0
3,0.785520017147064,4,4,0
3,0.688880026340485,7,4,1
5,0.335929989814758,7,5,0
5,0.267989993095398,4,4,1
5,0.477019995450974,5,5,0
3,0.701979994773865,7,6,0
3,0.355544656515121,2,4,1
3,0.701979994773865,4,3.75215911865234,0
4,0.389861553907394,1,5,1
4,0.903599977493286,5,6,0
4,0.673849999904633,2,0.676270306110382,1
4,0.511519968509674,6,4,0
5,0.490233957767487,4,5.04488849639893,1
5,0.265219986438751,6,4,0
3,0.461620002985001,2,1,0
5,0.785520017147064,7,4,0
4,0.414970010519028,7,6,1
3,0.903599977493286,7,5,0
5,0.785520017147064,7,4.95178747177124,0
3,0.688880026340485,6,5,0
4,0.573216080665588,2,6,1
4,0.332384765148163,2,3.66198492050171,1
3,0.600469946861267,1,5,0
3,0.461620002985001,1,2,0
3,0.414970010519028,2,2.44585561752319,1
3,0.777340054512024,2,3,1
3,0.312420010566711,1,6,1
5,0.261489987373352,1,6,1
3,0.267989993095398,2,3.21184039115906,1
4,0.408399999141693,6,4,0
4,0.343410015106201,6,4,1
4,0.315829992294312,1,5,1
4,0.364969998598099,5,3,1
5,0.457309991121292,6,3.71237850189209,0
3,0.785520017147064,1,4.52901029586792,0
3,0.186986967921257,7,5.79714059829712,1
4,0.785520017147064,5,5,0
3,0.449606776237488,3,4,1
5,0.414970010519028,5,4.48778390884399,1
5,0.401980012655258,5,2.99163722991943,0
4,0.414970010519028,6,6.20542430877686,0
3,0.189989998936653,3,3.44380927085876,1
4,0.312420010566711,1,4,1
3,0.62365996837616,2,4,0
3,0.594172239303589,6,3,1
5,0.367390006780624,2,4,0
4,0.367390006780624,2,4,1
5,0.315829992294312,2,5.62874889373779,1
4,0.401980012655258,2,3.48160457611084,0
4,0.271915525197983,6,6.21618795394897,1
5,0.320780009031296,2,1.76974713802338,1
2,0.518409967422485,2,3,1
3,0.487359970808029,6,5,0
4,0.267989993095398,2,3,0
4,0.8400399684906,7,6,0
5,0.785520017147064,4,4.90222835540771,1
4,0.267989993095398,1,5,1
3,0.511519968509674,6,5,0
3,0.457309991121292,5,5.27914524078369,0
3,0.394959986209869,3,3,1
3,0.870388448238373,2,2,1
5,0.261489987373352,5,3.4983537197113,1
5,0.440597921609879,4,4.92986249923706,0
5,0.201127722859383,7,4,1
3,0.407070010900497,3,4,1
5,0.394959986209869,4,4,1
3,0.400240004062653,7,5,1
5,0.511519968509674,2,4,0
5,0.394959986209869,3,4,1
4,0.367390006780624,1,4,1
4,0.464899986982346,3,2,1
3,0.394959986209869,4,4,1
3,0.532429993152618,3,1,0
3,0.343410015106201,4,5,0
4,0.662460029125214,1,4,0
5,0.464700013399124,3,5,1
5,0.388742238283157,1,3.23302841186523,1
5,0.407070010900497,7,6,0
4,0.592509984970093,5,5.97722721099854,0
4,0.785520017147064,6,3,0
4,0.903599977493286,7,6,0
3,0.343410015106201,3,5,0
5,0.36285999417305,3,4,0
5,0.320780009031296,2,4,1
5,0.387620002031326,6,4.15601825714111,1
3,0.265219986438751,5.38482809066772,4.04859733581543,0
3,0.688880026340485,3,4,1
5,0.477019995450974,3,1.8431384563446,0
4,0.600469946861267,5,5,0
5,0.427269995212555,6,6,1
5,0.532429993152618,6,6,0
5,0.464700013399124,1,6,1
3,0.315829992294312,1,3.45104455947876,1
3,0.785520017147064,6,3,1
4,0.511519968509674,4,4,0
5,0.614226460456848,7,6,0
5,0.785520017147064,1,4,0
4,0.58827418088913,1,4,1
5,0.488050609827042,4,2,0
4,0.600469946861267,6,7,0
3,0.662460029125214,1,4.69380474090576,0
5,0.62365996837616,3,4,0
1,0.401980012655258,1,4,0
3,0.394959986209869,2,5,1
3,0.189989998936653,7,4.32063579559326,1
4,0.315829992294312,4,3.09327697753906,0
5,0.414970010519028,2,6,1
5,0.267989993095398,6,6.55374813079834,1
5,0.320780009031296,6,5,1
4,0.609759986400604,3,3,1
3,0.267989993095398,1,2,1
3,0.320780009031296,4,2,0
4,1.10091006755829,3,2,0
3,0.65021002292633,5,5,1
2,1.10091006755829,1,2,1
3,0.581430017948151,4,4,0
3,0.343410015106201,2,5,1
3,0.414970010519028,7,2.74285483360291,0
4,0.400240004062653,2,5.06652879714966,1
3,0.343410015106201,7,5,1
4,0.600469946861267,2,5,0
5,0.461620002985001,2,6,1
1,0.62365996837616,7,5,0
3,0.65021002292633,1,3,0
3,0.49789172410965,1,2,1
1,0.407070010900497,2,4,1
3,0.532429993152618,1,2,0
4,0.688880026340485,3,3.4369421005249,1
4,0.785520017147064,3,4,1
4,0.267989993095398,1,2.62052989006042,1
4,0.381099998950958,7,4,0
3,0.518409967422485,5,6,0
5,0.364969998598099,2,3,1
3,0.320780009031296,7,5.71745204925537,1
4,0.394959986209869,2,4,1
5,0.261489987373352,3,4.42935943603516,1
5,0.408399999141693,1,5,1
4,0.427269995212555,2,4.60270643234253,0
3,0.609759986400604,2,3,1
3,0.487359970808029,7,6,1
3,0.394528567790985,3,4,1
3,0.427269995212555,3,4.42727613449097,1
3,0.532429993152618,2,3,0
3,0.407070010900497,5,6,1
4,0.312420010566711,5,6,1
3,0.461620002985001,7,4.92169380187988,0
5,0.300926089286804,6,4.69152927398682,1
5,0.614226460456848,6,6,0
2,0.903599977493286,7,5,0
3,0.694432973861694,5,4,1
3,0.387620002031326,3,3.59441208839417,1
3,0.315829992294312,7,5.3309326171875,1
3,0.785520017147064,1,4,1
3,0.487359970808029,6,6,0
4,0.408399999141693,2,2,0
4,0.394959986209869,2,6,1
3,0.600469946861267,3,2,0
2,0.534112691879272,3,3.24096298217773,1
4,0.511519968509674,4,4,0
4,0.600469946861267,7,6,0
5,0.614226460456848,7,6,0
5,0.464700013399124,4,2.27360796928406,1
5,0.315829992294312,3,3.97400212287903,1
5,0.390350013971329,5,6,0
3,0.644749999046326,4,5.37482357025146,1
3,0.603359460830688,2,2,1
3,0.343410015106201,4,4,1
3,0.401980012655258,1,5.51577758789062,1
5,0.785520017147064,2,4,0
3,0.62365996837616,1,3.25948524475098,0
5,0.315829992294312,7,6,1
5,0.903599977493286,7,6,0
4,0.242261305451393,6,6.75464582443237,1
3,0.785520017147064,7,6,0
5,0.451938837766647,1,4,1
4,0.265219986438751,1,4,0
3,0.785520017147064,5,4,0
3,0.400240004062653,3,4,1
3,0.62365996837616,6,6,0
3,0.592509984970093,3,1,0
4,0.254826545715332,6,5.63229274749756,1
4,0.785520017147064,3,3.6939537525177,1
4,0.511519968509674,3,4,0
5,0.461620002985001,4,4,0
3,0.701979994773865,1,4,0
2,0.65021002292633,3,3,1
2,0.0584226958453655,6,4.49116086959839,1
3,0.315829992294312,1,2,0
4,0.315829992294312,2,5.18459701538086,0
5,0.385200023651123,1,3.15822100639343,0
2,1.10091006755829,2,4,0
2,1.10091006755829,3,2,0
5,0.511519968509674,2,3.4662070274353,0
4,0.592509984970093,1,4,0
3,0.343410015106201,0.74694436788559,5.12058258056641,1
3,0.461620002985001,4,3.69831943511963,1
3,0.390350013971329,5,4,0
5,0.698559999465942,5,2,0
4,0.265219986438751,6,4.49377298355103,0
4,0.461620002985001,6,5.06672239303589,0
4,0.408399999141693,6,6,0
5,0.518923759460449,2,5,1
3,0.551323533058167,2,2.16079783439636,1
3,0.614226460456848,5,5,0
4,0.65021002292633,2,2,0
5,0.267989993095398,5,7,1
3,0.315829992294312,5,4,1
5,0.267989993095398,2,4,1
3,0.785520017147064,6,4,0
4,0.355151623487473,4,3,1
3,0.701979994773865,1,6,0
4,0.267989993095398,6,5.85486793518066,1
5,0.511519968509674,6,6,0
5,0.609759986400604,3,5,1
4,0.65021002292633,7,6,1
3,0.785520017147064,5,6,0
5,0.320780009031296,3,5.07123470306396,1
4,0.351794511079788,1,7,1
3,0.407070010900497,1,6.45490789413452,1
5,0.467339843511581,3,2,1
5,0.8400399684906,4.3431658744812,5.22522783279419,0
3,1.10091006755829,2,4,0
4,0.673849999904633,6,3.54533433914185,1
1,0.343410015106201,4,3.6867995262146,1
5,0.394959986209869,5,6,1
3,0.614226460456848,7,6,0
5,0.614226460456848,7,7,0
4,0.408399999141693,3,4.87844324111938,0
5,0.407070010900497,7,6,1
4,0.785520017147064,1,4,1
3,0.785520017147064,1,6,0
3,0.701979994773865,4,4,0
3,0.343410015106201,3,3,0
3,0.335929989814758,5,3,0
4,0.8400399684906,7,5,1
5,0.599166035652161,2,3,0
5,0.903599977493286,6,5,0
3,0.8400399684906,4,5.89791440963745,0
3,0.592509984970093,1,2.95906281471252,1
5,0.785520017147064,1,3,0
5,0.785520017147064,7,5,0
4,0.62365996837616,6,5,0
3,0.315829992294312,5,4,1
3,0.381099998950958,5,2.65973401069641,0
3,0.468820005655289,6,6,0
5,0.614226460456848,1,1,1
5,0.609759986400604,2,4,1
4,0.65021002292633,2,3,0
3,0.315829992294312,1,5.33496570587158,1
3,0.401980012655258,1,7,0
4,0.414970010519028,6,4,0
4,0.400240004062653,6,3,1
3,0.343410015106201,4,2.42800211906433,1
4,0.511519968509674,3,4,0
4,0.608733773231506,1,4,1
3,0.394959986209869,6,4,1
4,0.478972375392914,2.81043791770935,1.95309126377106,1
3,0.511519968509674,3,6,0
5,0.367390006780624,1,5,0
3,0.431751847267151,2,3.81561613082886,1
5,0.414970010519028,1,2.62811923027039,0
5,0.401980012655258,2,4,1
3,0.65021002292633,3,3,1
4,0.364969998598099,3,3,1
3,0.440349936485291,5,5,0
3,0.446730017662048,7,6,1
3,0.464700013399124,5,4,1
3,0.518409967422485,1,2,0
3,0.394959986209869,7,6,1
5,0.367390006780624,2,5,0
5,0.688880026340485,2,4.9094090461731,1
3,0.592509984970093,6,3.32819890975952,0
2,0.267989993095398,1,2.59287071228027,1
4,0.265219986438751,7,5,1
2,0.367390006780624,2.35297107696533,3.58265376091003,0
5,0.580733716487885,4,3.15869307518005,1
5,0.673849999904633,4,5,1
5,0.401980012655258,5,2.92279815673828,1
3,0.385200023651123,7,2,0
3,0.777340054512024,2,2,0
4,0.401980012655258,5,4.95153093338013,1
4,0.407070010900497,3,4,1
4,1.10091006755829,5,3,1
3,0.785520017147064,6,4.15780305862427,1
5,0.381099998950958,6,4.93748998641968,1
3,0.407070010900497,6,6,1
3,0.673849999904633,3,4,1
4,0.600469946861267,1,3,1
5,0.427269995212555,2,3.8664116859436,1
3,0.364969998598099,3,4,0
3,0.518409967422485,1,3,0
4,0.267989993095398,3,4,0
3,0.614226460456848,2,4,1
2,0.518409967422485,4,4,0
3,0.785520017147064,7,7,0
3,0.600469946861267,2,3,0
5,1.10091006755829,6,6,0
3,0.320780009031296,4,3,1
3,0.787334382534027,4,4,1
3,0.315829992294312,1,3,0
3,0.267989993095398,1,3,1
3,0.701979994773865,6,4,0
3,0.414970010519028,5,2,0
2,0.785520017147064,7,6,0
3,0.267989993095398,1,4,1
4,0.511519968509674,2,5,1
3,0.511519968509674,2,6,0
5,0.029693515971303,3,4.66585969924927,1
4,0.312420010566711,2,6,1
5,0.261489987373352,2,2,0
4,0.390350013971329,7,4,0
4,0.487359970808029,3,4.73208999633789,0
4,0.312420010566711,2,6,1
4,0.600469946861267,2,5,0
2,0.267989993095398,2,6,1
4,0.309140026569366,1,2.86491942405701,0
1,0.261489987373352,1,3,1
3,0.62365996837616,6,4,0
3,0.592509984970093,7,5,0
4,0.4317487180233,5,5,1
4,0.592509984970093,2,6.56554555892944,0
5,0.785520017147064,2,6.80196237564087,0
3,0.532429993152618,5,5,0
4,0.265219986438751,7,4,0
3,0.72835773229599,5,5,0
5,0.701979994773865,7,6,0
3,0.673849999904633,1,3,1
3,0.315829992294312,7,3,1
5,0.673849999904633,6,4,1
4,0.477019995450974,2,3.38484120368958,0
4,0.364969998598099,6,5,1
5,0.673849999904633,2,2,0
3,0.267989993095398,2.80908703804016,4.04535102844238,1
5,0.1778274923563,2,5,1
4,0.649063050746918,2,6,1
3,0.592509984970093,1,2,0
5,0.427394360303879,7,6,1
3,0.189989998936653,1,4,1
4,0.592509984970093,7,6,0
3,0.427269995212555,4,2.6545729637146,0
4,0.317844688892365,3,3.88245439529419,1
4,0.785520017147064,5,5,0
5,0.62365996837616,1,5,0
2,0.673849999904633,2,3,0
3,1.13774001598358,5,3,0
3,0.600469946861267,4,3,1
3,0.267989993095398,1,2.42016506195068,0
3,0.394959986209869,4,4.08639621734619,1
4,0.62365996837616,7,6,0
3,0.385200023651123,1,4.66959190368652,0
5,0.394959986209869,2,3,1
4,0.335929989814758,7,4,0
4,0.364969998598099,1,4,0
3,0.36285999417305,4,3,1
3,0.903599977493286,1,2,0
3,0.600469946861267,7,4,1
4,0.487359970808029,6,5,0
3,0.343410015106201,7,6,0
5,0.464899986982346,1,5.07457256317139,0
5,0.487359970808029,3,4,0
3,0.614226460456848,7,4,0
3,0.785520017147064,6,7,1
5,0.403993159532547,4,4,1
2,1.13774001598358,1,2,1
3,0.408399999141693,1,4,0
4,0.407070010900497,5,4,1
3,0.614226460456848,6,5,0
3,0.609759986400604,6,4,1
4,0.495886206626892,5,4,1
5,0.688880026340485,2,3.55521893501282,1
3,0.520840048789978,2,4,0
3,0.673849999904633,1,2,0
5,0.609759986400604,5,6.9137659072876,1
4,0.267989993095398,5,4,1
4,0.659771144390106,7,5,1
3,0.267989993095398,4,3,0
4,0.614226460456848,6,5,0
4,0.261489987373352,1,4,1
3,0.673849999904633,4,7,1
3,0.394959986209869,2,4,1
2,0.394959986209869,6,6,0
3,0.777340054512024,2,3,0
4,0.600469946861267,2,5,1
3,0.461620002985001,5,6,0
3,0.189989998936653,6,4.1247296333313,1
3,0.267989993095398,2,4,0
3,0.343410015106201,3,3.17194223403931,1
5,0.65021002292633,5,5,0
4,0.394959986209869,7,4,1
2,0.903599977493286,3,4,1
2,0.417277216911316,1,1,1
5,0.4736407995224,2,4,0
4,0.407070010900497,6,3,1
3,0.511519968509674,6,4,0
3,0.537726581096649,3,3.14273810386658,1
4,0.343410015106201,6,4,1
4,0.75151002407074,4,6,0
5,0.600469946861267,6,5,1
4,0.65021002292633,7,3.32304167747498,0
4,0.414970010519028,4,5,0
1,0.0502467155456543,3,3.13740754127502,1
2,0.597217798233032,-0.684886634349823,3.18179225921631,1
4,0.415246903896332,3.58209705352783,5.37789630889893,1
5,0.189989998936653,4,2.96540999412537,1
4,0.505626082420349,4,3.41617226600647,1
4,0.592509984970093,1,4,0
3,0.390350013971329,1,4.68985652923584,0
5,0.315829992294312,4,4.45180940628052,1
3,0.487359970808029,6,6,0
3,0.785520017147064,1,3.27818560600281,1
4,0.312420010566711,1,3.27749705314636,1
4,0.343410015106201,3,5,1
3,0.165575534105301,4,3,1
4,0.673849999904633,2,4,1
1,0.688880026340485,4,4,1
2,0.65021002292633,1,1,0
3,0.8400399684906,6,5,0
4,0.36285999417305,3,4,0
3,0.387620002031326,2,4,1
3,0.65021002292633,3,2,1
3,0.377360999584198,2,4,1
5,0.408399999141693,3,4,1
2,0.315829992294312,3,2,0
1,0.903599977493286,6,6,0
1,0.545379996299744,2,5,0
2,0.394959986209869,3,2,1
2,0.903599977493286,4,4,0
4,0.401980012655258,5,5,0
3,0.0829808339476585,1,3.43928980827332,1
3,0.785520017147064,2,3,0
3,0.335929989814758,3,6.22873401641846,0
3,0.785520017147064,3,5,1
2,0.623648524284363,2,2.69573903083801,1
5,0.785520017147064,6,5,0
3,0.464899986982346,1,1.50920069217682,1
4,0.464700013399124,6,4.51240348815918,1
4,0.204354628920555,5,6.19154644012451,1
5,0.201784744858742,2,6,1
4,0.343410015106201,2,3,0
4,0.532429993152618,4,4,1
3,0.414970010519028,7,6,0
4,0.673849999904633,7,3.64838051795959,1
4,0.785520017147064,3,2,1
4,0.581430017948151,3,4.87239217758179,0
3,1.13774001598358,1,2,0
5,0.0335582494735718,1.48554062843323,4.0036563873291,1
5,0.390350013971329,1,3.24056077003479,0
2,1.13774001598358,3,2,0
4,0.343410015106201,6,6,1
2,0.487359970808029,6,6,0
3,0.785520017147064,7,4,0
4,0.381099998950958,2.86316752433777,5,0
3,0.261489987373352,5,6,1
4,0.461620002985001,1,5.556800365448,0
2,1.10091006755829,7,6,0
2,0.281128942966461,7,5,1
3,0.189989998936653,4,5.14454507827759,1
5,0.400240004062653,2,4,1
3,0.414970010519028,2,3.24045014381409,0
3,0.321222513914108,6,6,1
3,0.903599977493286,2,4,0
3,0.408600002527237,5,5.6002779006958,1
4,0.267989993095398,6,5.04248571395874,1
3,0.249791786074638,4,1.94352805614471,1
4,0.464700013399124,4,5.35954427719116,1
3,0.600469946861267,1,2,1
3,0.394959986209869,1,4,1
5,0.464700013399124,2,4.2769889831543,1
3,0.343410015106201,3,0.776784777641296,1
4,0.461620002985001,1,3,0
4,0.464700013399124,1,7,1
5,0.394959986209869,5,6,1
3,0.903599977493286,2,5,0
5,0.673849999904633,5,5,1
3,0.401980012655258,3,4,0
3,0.673849999904633,5,6,1
4,0.785520017147064,6,6,0
3,0.777340054512024,3,4,0
3,0.688880026340485,2,4,1
5,0.511519968509674,3,4,0
4,0.609759986400604,2,3.78509259223938,1
3,0.394959986209869,6,1.56131231784821,1
1,0.405982077121735,6,5.58568859100342,1
3,0.408600002527237,1,3.67685794830322,1
3,0.511519968509674,5,6,0
3,0.814967393875122,5,6,1
5,0.261489987373352,1,2.44204092025757,1
1,0.763073682785034,2,4,1
3,0.401980012655258,4,2,0
5,0.511519968509674,7,6,0
3,0.65021002292633,2,2,1
3,0.632962584495544,7,6,1
5,0.312420010566711,4,7,0
5,0.785520017147064,4,4,0
2,0.511866569519043,4,4.68496751785278,1
3,0.367390006780624,5,5,0
3,0.88811045885086,6,5,0
3,0.785520017147064,2,4,1
3,0.440595388412476,1,3.24567198753357,0
4,0.595576465129852,6,3,1
3,0.805919229984283,6,6,1
1,0.592509984970093,7,4,1
2,0.394959986209869,4,5,1
3,0.464700013399124,6,4,1
2,0.65021002292633,1,2,0
5,0.367390006780624,1,3,0
5,0.320780009031296,2,6,1
5,0.267989993095398,1,3.67263007164001,1
3,0.394959986209869,6,2.40192151069641,1
3,0.487742632627487,6,6,1
4,0.446730017662048,7,6,0
4,0.614226460456848,5,6,0
3,0.534533023834229,1,3,1
5,0.385200023651123,1,4.1330451965332,0
1,0.337406188249588,6,4,1
3,0.394959986209869,1,4.0045371055603,1
3,0.511519968509674,4,2,0
3,0.461620002985001,4,5,0
5,0.312420010566711,2,1.18700957298279,1
5,0.600469946861267,6,5,1
4,0.701979994773865,1,2,0
3,0.785520017147064,2,3,1
3,0.785520017147064,1,3.6070339679718,1
4,0.57090550661087,6.40834379196167,6.48278474807739,0
3,0.394959986209869,1,4,1
4,0.448041617870331,5,6,1
2,0.315829992294312,2,3,0
3,0.487359970808029,6,5,1
3,0.315829992294312,1,2,1
3,0.331314325332642,1,4,1
5,0.785520017147064,3,5,1
3,0.614226460456848,4,5,1
4,0.477019995450974,4,5,0
4,0.8400399684906,6,5,0
4,0.614226460456848,3,2,0
2,0.343410015106201,3,5,0
3,0.336679995059967,2,3,0
3,0.785520017147064,6,5,0
3,0.414970010519028,3,5.92008447647095,0
5,0.673849999904633,6,4,0
5,0.511519968509674,4,4,0
5,0.260601431131363,2,4,1
4,0.414970010519028,7,4.80265092849731,0
5,0.464700013399124,4,5.91217994689941,1
4,0.367390006780624,3,2.41473460197449,0
3,0.521653532981873,2,4.49493503570557,1
4,0.609759986400604,2,4,0
5,0.785520017147064,1,3,1
1,0.510382413864136,5,3.95230889320374,1
5,0.555346131324768,2,5.79744100570679,1
3,0.625393450260162,1,4.09554052352905,1
5,0.427269995212555,2,4,0
4,0.407070010900497,6,6,1
3,0.315829992294312,1,3.55471515655518,1
5,0.785520017147064,1,4,0
3,0.614226460456848,7,5,1
3,0.592509984970093,6,9.17507839202881,0
3,0.265219986438751,4,5,0
4,0.532429993152618,7,7,0
3,0.673849999904633,4,1.80497145652771,1
4,0.62978994846344,1,4.20836973190308,1
3,0.65021002292633,1,4,0
4,0.315829992294312,3,6.24361371994019,0
3,0.461620002985001,6,6.41767168045044,0
3,0.785520017147064,6,6.67161798477173,0
2,0.343410015106201,2,1,1
4,0.267989993095398,5,5.67069053649902,1
3,0.673849999904633,4,4,0
4,0.511519968509674,3,5,0
5,0.785520017147064,5,3,0
2,0.427269995212555,1,3.57744336128235,1
3,0.785520017147064,5,5,0
3,0.785520017147064,2,4,1
3,0.407070010900497,4,4,1
4,0.490656405687332,2,3.74326229095459,1
4,0.315829992294312,6,7.1148099899292,1
3,0.785520017147064,2,5,0
5,0.401980012655258,1,4.28420782089233,0
5,0.511519968509674,3,6,0
5,0.265219986438751,6,4,1
5,0.696004748344421,7,6,1
3,0.261489987373352,2,4.27001047134399,1
4,0.688880026340485,2,5,1
3,0.407070010900497,1,4,1
4,0.315829992294312,6,6,0
3,0.785520017147064,2,5,1
3,0.489828109741211,2,6,1
3,0.189989998936653,4,3.80442476272583,1
3,0.407070010900497,4,3,1
3,0.522845268249512,5,4,1
5,0.315829992294312,2,7,0
3,0.785520017147064,3,5,1
3,0.343410015106201,3,3.29701042175293,1
1,0.487359970808029,2,2,0
3,0.592509984970093,5,4,0
3,0.785520017147064,7,6,0
5,0.542131245136261,6,4,1
4,0.320780009031296,3,1,0
3,0.378744691610336,2,4,1
2,0.315829992294312,1,5.24876022338867,1
4,0.394959986209869,6,3,1
3,0.487359970808029,2,3.11882877349854,0
5,0.785520017147064,1,5,0
3,0.320780009031296,2,3.41791725158691,1
3,0.614226460456848,1,3.89857816696167,1
3,0.793409943580627,1,3,1
3,0.511519968509674,3,3,0
1,0.189989998936653,2,5.03618097305298,1
3,0.785520017147064,7,6,0
3,0.343410015106201,0.84016352891922,4.38775825500488,1
4,0.312420010566711,5,6,0
3,0.600469946861267,3,4,0
4,0.600469946861267,2,4,0
5,0.511519968509674,3,3,0
4,0.701979994773865,5,4,1
3,0.592509984970093,4,3.39056515693665,0
5,0.384740561246872,6,6.47972059249878,1
5,0.320780009031296,1.19985258579254,5,1
4,0.556682169437408,6,4.7675929069519,1
4,0.414970010519028,5,7,0
4,0.261489987373352,4,5.10385608673096,1
5,0.570874571800232,1,6.45427131652832,1
4,0.84213000535965,3,3,0
4,0.394959986209869,2,6.97644901275635,1
5,0.611717462539673,3,7.27538824081421,1
5,0.511519968509674,2,4,0
5,0.320780009031296,6,5,0
3,0.446730017662048,5,3.28885793685913,1
5,0.62365996837616,3,2,1
5,0.367390006780624,2,2.80654168128967,0
3,0.600469946861267,3,4,1
4,0.600469946861267,1,3,0
3,0.401980012655258,4,4.55171918869019,1
2,0.320780009031296,6,5.32516288757324,1
5,0.592509984970093,5,5.71026754379272,0
3,0.372666746377945,2,3,1
5,0.309140026569366,6,5,0
3,0.414970010519028,7,5.98177909851074,0
3,0.390350013971329,5,4,0
3,0.614226460456848,5,5,0
3,0.600469946861267,2,4,1
2,0.644749999046326,1,2,0
3,0.785520017147064,3,2,0
5,0.401980012655258,4,4.38581323623657,0
2,0.414970010519028,3,5,0
5,0.574633479118347,6,5,1
5,0.676977872848511,6,6,0
5,0.401980012655258,3,4,1
5,0.673849999904633,5,4,1
3,0.688880026340485,1,4,1
5,0.427269995212555,1,5,0
3,0.487359970808029,1,3.17198181152344,0
5,0.408399999141693,1,1.40418481826782,0
2,0.65021002292633,3,4,1
3,0.261489987373352,4,3.46421527862549,0
5,0.267989993095398,3,3,1
5,0.673849999904633,2,5,0
4,0.662460029125214,3,5.61549234390259,0
3,0.408399999141693,5,6,0
4,0.394959986209869,7,4,1
5,0.464899986982346,3,2,1
3,0.785520017147064,5,6,0
3,0.785520017147064,2,5,0
4,0.62295937538147,4,2,1
3,0.267989993095398,2,7,1
3,0.600469946861267,3,3,1
5,0.206970125436783,5,6.46538352966309,1
5,0.267989993095398,4,3.66263556480408,1
3,0.261489987373352,1,4.05929374694824,1
3,0.673849999904633,7,6,1
3,0.511519968509674,1,3,0
3,0.511519968509674,4,3.68301630020142,0
5,0.312420010566711,6,6,1
5,0.315829992294312,3,6,1
4,0.477019995450974,6,4,0
5,0.571309864521027,6,3.94827723503113,1
3,0.267989993095398,3.84521198272705,4.81231689453125,1
2,0.414970010519028,5,6,0
5,0.312420010566711,1,4,1
4,0.400240004062653,2,4,1
1,0.427269995212555,2,5.61843729019165,1
3,0.903599977493286,6,5,0
5,0.545396268367767,6,5,1
4,0.315829992294312,3,6,1
3,0.261489987373352,1,2.8538510799408,1
5,0.394959986209869,3,4.66110992431641,1
3,0.381099998950958,2,2,0
5,0.267989993095398,1,1,0
4,0.84213000535965,3,3,1
5,0.785520017147064,5,5.1509690284729,0
4,0.511519968509674,5,5,0
4,0.518409967422485,5,4,1
1,0.291388422250748,3,3.32035493850708,1
4,0.265219986438751,1,1.29387736320496,1
3,0.343410015106201,6,4,1
3,0.261489987373352,6,5.03970956802368,1
4,0.261489987373352,2,2.7191915512085,1
4,0.511519968509674,4,5.51065492630005,0
3,0.343410015106201,3,2,1
3,0.430403470993042,1,3,1
5,0.501938581466675,3,3.97313475608826,1
5,0.785520017147064,4,3.65985369682312,1
4,0.394959986209869,4,4.10112237930298,1
4,0.785520017147064,4,2,1
4,0.267989993095398,2,1,1
5,0.315829992294312,1,3.79834294319153,0
5,0.381099998950958,3,2,0
4,0.267989993095398,1,2,1
2,0.267989993095398,3,7,0
3,0.532429993152618,5,4,0
3,0.903599977493286,1,4,0
2,0.785520017147064,6,5.57615375518799,1
3,0.477019995450974,4,5.88094854354858,1
3,0.464700013399124,1,6,1
3,0.335929989814758,1,3,0
3,0.343410015106201,5,3,1
2,0.496664136648178,6,3,1
3,0.440597921609879,2,1,0
4,0.785520017147064,4,5.78357934951782,0
3,0.487359970808029,2,2.8613612651825,0
3,0.487359970808029,1,6,0
3,0.785520017147064,6,4,0
2,0.658071517944336,1,4,1
5,0.407070010900497,7,5,1
5,0.343410015106201,1,6.47130489349365,1
2,0.461620002985001,1,2,0
4,0.477019995450974,3,4,0
4,0.688880026340485,1,4,1
5,0.414970010519028,2,5,0
2,0.407070010900497,6,5,1
3,0.407070010900497,1,3.18822765350342,1
4,0.614226460456848,5,3.06273150444031,1
3,0.673849999904633,4,4,1
3,0.614226460456848,2,4.15103483200073,0
4,0.400240004062653,2,3.52302622795105,1
5,0.408600002527237,7,5,0
3,0.688880026340485,1,4,1
3,0.903599977493286,6,5,0
3,0.427269995212555,5,4,0
5,0.62978994846344,4,4,0
4,0.265219986438751,6,3,1
5,0.267989993095398,2,3.18270993232727,0
3,0.673849999904633,5,3,0
3,0.529449999332428,6,3.76610374450684,1
3,0.340220004320145,3,3.56758785247803,1
5,0.532429993152618,6,4.45601463317871,0
3,0.267989993095398,3,2,1
5,0.511519968509674,6,4,0
3,0.487359970808029,6,5.54357624053955,0
5,0.461620002985001,3,4,0
3,0.84213000535965,1,2,0
5,0.408399999141693,3,5.71082067489624,1
2,0.691992938518524,3,6,0
5,0.673849999904633,5,4.306565284729,1
2,1.10091006755829,2,3,1
3,0.500843703746796,7,6,1
4,0.614226460456848,2,4,0
3,0.464700013399124,3,2,1
3,0.261489987373352,3,1,0
5,0.62978994846344,1,4.77324914932251,0
3,0.261489987373352,1,6,1
5,0.343410015106201,2,3.09504580497742,1
5,0.461620002985001,3,3.42289185523987,0
5,0.400240004062653,4,4,1
4,0.518409967422485,5,6,1
5,0.208913221955299,1,3.05683088302612,1
4,0.267989993095398,1,4.7025842666626,1
4,0.532429993152618,2,5,0
5,0.357134431600571,1.33094918727875,5.71142292022705,0
3,0.464899986982346,2,4.20223426818848,1
3,0.487359970808029,5,4.50364065170288,0
5,0.785520017147064,6,5,0
3,0.336679995059967,1,2,0
5,0.532429993152618,3,4,0
4,0.427269995212555,3,4.69833850860596,1
4,0.184282451868057,6,5.54153394699097,1
3,0.614226460456848,5,5,1
3,0.315829992294312,4,1,1
3,0.446730017662048,3,5.24553871154785,1
3,0.320780009031296,2,4,1
2,0.785520017147064,1,3,0
3,0.477019995450974,1,3.18197059631348,0
5,0.673849999904633,2,2,1
2,1.10091006755829,4,4,0
4,0.518409967422485,3,3,0
5,0.600469946861267,3,3,1
2,0.532429993152618,2,3,0
3,0.600469946861267,5,4,1
2,0.487359970808029,3,3.91380715370178,0
2,0.600469946861267,3,2,1
5,0.394959986209869,2,2.69215822219849,1
5,0.394959986209869,4,4.16276407241821,1
4,0.394959986209869,7,6,1
5,0.394959986209869,2,4.32595109939575,1
3,0.609759986400604,6,3,1
4,0.267989993095398,6,4,1
4,0.600469946861267,7,5,1
4,0.581430017948151,3,3,0
3,0.265219986438751,7,7.1545090675354,0
5,0.477019995450974,5,3.01908707618713,0
3,0.414970010519028,6,6,0
3,0.511519968509674,7,4,0
5,0.461620002985001,7,6,0
4,0.461620002985001,6,4,0
3,0.785520017147064,1,2,1
1,0.487359970808029,1,4.96166658401489,0
4,0.320780009031296,5,7,1
3,0.600469946861267,6,6,0
3,0.62365996837616,5,3,0
3,0.688880026340485,3,3,1
3,0.47802323102951,2,2.4206371307373,1
5,0.427269995212555,4,6,0
3,0.267989993095398,1,4.4802417755127,1
3,0.600469946861267,1,2,0
3,0.394959986209869,6,6,1
3,0.498094022274017,6,7.17658281326294,1
5,0.309140026569366,3,5.26459550857544,0
3,0.461620002985001,4,3,0
3,0.320780009031296,1,0.784939587116241,1
3,0.265219986438751,2,3.74098825454712,1
3,0.427269995212555,5,5,1
5,0.487359970808029,7,4.92624998092651,0
2,0.408399999141693,3,5,0
3,0.785520017147064,6,6,1
4,0.483619421720505,1,4,1
4,0.343410015106201,7,4,0
4,0.151655092835426,3,4.70939922332764,1
4,0.673849999904633,6,5,0
4,0.335929989814758,4,5,0
5,0.600469946861267,3,2,1
3,0.592509984970093,7,4,1
4,0.592509984970093,1,2.9557957649231,0
4,0.267989993095398,2,5,1
5,0.418933600187302,3,2.06742548942566,1
4,0.644749999046326,6,6.43957233428955,0
3,0.408399999141693,3,3,1
4,0.189989998936653,7,6,1
5,0.592509984970093,4,5.25784254074097,0
4,0.785520017147064,7,6,1
5,0.267989993095398,7,5,1
4,0.701979994773865,3,5,0
3,0.688880026340485,2,4,1
4,0.785520017147064,6,5,0
3,1.10091006755829,1,2,1
4,0.785520017147064,1,3,0
5,0.532429993152618,7,5,0
3,0.62365996837616,2,4.80438041687012,0
3,0.461620002985001,1,2,0
3,0.443432986736298,1,1,1
5,0.785520017147064,6,4,1
3,0.341689974069595,5,4,1
3,0.673849999904633,6,4,0
3,0.8400399684906,5,6,0
5,0.487359970808029,4,3,0
3,0.527199923992157,3,5,0
3,0.62978994846344,5,5,0
3,0.446730017662048,3,5,1
5,0.75151002407074,1,1,0
3,0.414970010519028,7,6,0
2,0.518409967422485,1,1,1
3,0.364969998598099,1,2,1
3,0.446730017662048,2,5.55535078048706,1
4,0.785520017147064,2,3,0
5,0.785520017147064,2,2,1
3,0.673849999904633,5,4.32237148284912,0
5,0.511519968509674,5,5,0
4,0.518409967422485,7,6,1
3,0.609759986400604,6,6,0
1,0.343410015106201,2,3,1
3,0.343410015106201,4,5,1
5,0.380937486886978,6,5.92014837265015,1
4,0.511519968509674,7,6,0
3,0.267989993095398,1,3,0
3,0.614226460456848,1,6,0
4,0.414970010519028,2,4,0
4,0.343410015106201,2,2,1
5,0.427269995212555,3,6,0
5,0.320780009031296,6,5,1
4,0.532539963722229,6,5.50208711624146,1
5,0.614226460456848,2,3,1
5,0.545379996299744,1,5,1
3,0.414970010519028,7,5,0
4,0.461620002985001,3,3,0
3,0.517913579940796,6,5,1
5,0.385200023651123,4,5,0
3,0.385200023651123,5,5.52356052398682,1
3,0.592509984970093,3,3,0
2,0.529449999332428,1,4,1
3,0.408399999141693,2,3.91143488883972,0
5,0.487359970808029,6,6,0
1,0.464700013399124,6,6,1
4,0.777340054512024,6,4,1
3,0.633426785469055,6,5,1
3,0.487359970808029,1,3.49350953102112,0
4,0.382567763328552,7,4,1
5,0.832573771476746,6,5,1
3,0.65021002292633,5,4,0
5,0.511519968509674,7,4,0
4,0.785520017147064,6,5,0
5,0.614226460456848,3,1.76125228404999,1
3,0.511519968509674,4,3,0
5,0.320780009031296,6,2.61280417442322,1
4,0.464700013399124,2,5,1
1,0.414970010519028,7,4,1
4,0.414970010519028,3,5,0
5,0.408399999141693,4,5,0
3,0.673849999904633,5,6,1
4,0.414970010519028,3.12194323539734,3,0
4,0.62365996837616,1,5,0
2,0.785520017147064,2,4,1
3,0.688880026340485,3,6,1
3,0.364969998598099,1,5,1
2,0.673849999904633,7,6,0
2,0.673849999904633,1,2,1
3,0.614226460456848,2,4,0
3,0.673849999904633,1,3,0
3,0.267989993095398,1,6,1
1,0.644749999046326,6,5,0
3,0.234837308526039,4,4,1
3,0.561132729053497,6,4,1
4,0.688448548316956,3,4,1
3,0.390350013971329,2,6,0
5,0.343410015106201,5,4,0
3,0.189989998936653,4.96649217605591,5.505530834198,1
5,0.532429993152618,1,2,0
3,0.903599977493286,6,4,0
5,0.414970010519028,3,4,0
3,0.367390006780624,6,6.17424821853638,1
5,0.511519968509674,6,7,0
5,0.364969998598099,4,4,1
4,0.320780009031296,7,6,1
3,0.432838290929794,4,5.54340982437134,1
4,0.673849999904633,3,5,1
5,0.530167937278748,3,3.82186770439148,0
1,0.688880026340485,6,4.85644817352295,1
3,0.387620002031326,5,5,0
2,0.609759986400604,5,3,1
2,0.320780009031296,1,3.04278087615967,1
1,0.688880026340485,1,4,1
2,0.364969998598099,5,5.29625558853149,1
3,0.592509984970093,2,2.60157942771912,0
2,0.62365996837616,3,3,0
3,0.785520017147064,6,5,0
5,0.520840048789978,2,2,0
5,0.461620002985001,1,3,0
3,0.252714961767197,3,4,1
5,0.367390006780624,6,4,0
4,0.414970010519028,1,4,0
4,0.0323486849665642,7.16389846801758,5.04670286178589,1
4,0.477019995450974,6,4,0
4,0.274883061647415,1,3,1
5,0.785520017147064,1,3,1
5,0.414970010519028,4,5.04243469238281,1
1,0.65021002292633,4,5,0
5,0.408600002527237,3,4,1
2,1.13774001598358,3,2,0
1,0.265219986438751,3,1,1
2,0.394959986209869,2,3.47663831710815,1
5,0.353616714477539,3,4.31355381011963,1
4,0.477019995450974,5,4.70226573944092,0
3,0.461620002985001,6,5,0
5,0.785520017147064,2,5.49985933303833,0
2,0.600469946861267,2,2,1
2,1.13774001598358,3,4,0
4,0.401980012655258,4,3.57292485237122,0
3,0.511519968509674,3,4.11076211929321,0
4,0.320780009031296,6,5,0
3,0.600469946861267,7,6,1
4,0.275197297334671,1.57548713684082,0.825833261013031,1
3,0.600469946861267,6,4,1
2,0.189989998936653,2,2.4753041267395,1
4,0.628767549991608,7,5,0
4,0.408399999141693,6,4,0
3,0.394959986209869,3,2.19756650924683,1
3,0.419330835342407,7,6,1
4,0.698559999465942,4,3.26664185523987,1
4,0.785520017147064,3,4,1
5,0.267989993095398,2,4.02538108825684,1
5,0.8400399684906,7,5,1
4,0.408399999141693,4,4,0
3,0.644749999046326,6,5,0
3,0.785520017147064,2,4,0
5,0.600469946861267,1,1,1
4,0.267989993095398,5,6,1
5,0.408600002527237,2,1,1
3,0.464700013399124,2,2.95743942260742,1
2,0.400240004062653,4,6,1
3,0.614226460456848,2,2.14431548118591,0
5,0.343410015106201,3,3.47410082817078,1
3,0.387620002031326,2,2,1
4,0.477019995450974,3,6,0
4,0.367390006780624,1,4.09738254547119,0
4,0.260566204786301,5,4,1
3,0.364969998598099,2,4.35859680175781,1
3,0.588451027870178,7,6,1
4,0.785520017147064,7,6,1
4,0.335929989814758,6,5,1
5,0.267989993095398,2,4,0
3,0.36285999417305,4,7,1
3,0.315829992294312,1,3.23365473747253,1
4,0.614226460456848,3,1,0
4,0.644749999046326,2,3.36602807044983,0
3,0.364969998598099,1,2,1
4,0.785520017147064,1,2,1
5,0.265219986438751,2,3.6106288433075,0
3,0.662460029125214,7,5,0
4,0.407070010900497,6,6,1
5,0.634272456169128,3,3.59025955200195,1
4,0.315829992294312,1,4.64047145843506,0
5,0.903599977493286,6,6,0
2,0.62365996837616,5.88278388977051,3.8631603717804,0
4,0.785520017147064,7,5,0
3,0.673849999904633,6,5,0
2,0.903599977493286,2,2,1
4,0.265219986438751,6,4,1
3,0.903599977493286,7,6,0
5,0.75241494178772,6,4,1
5,0.464700013399124,5,4,1
4,0.532429993152618,7,6,0
5,0.78692752122879,1,3,1
3,0.511519968509674,4,4.72023057937622,0
3,0.477019995450974,3,4.35678100585938,0
4,0.62365996837616,5,3.00922513008118,0
3,0.785520017147064,1,5,1
3,0.785520017147064,7,6,0
3,0.265219986438751,2.92153573036194,5.3349142074585,0
4,0.267989993095398,3,3.60546875,1
3,0.65021002292633,2,3,1
5,0.36285999417305,2,5,0
4,0.785520017147064,7,6,0
3,0.336679995059967,1,7,1
3,0.394959986209869,1,4,1
5,0.600469946861267,3,5,0
5,0.785520017147064,3,3,1
3,0.461620002985001,1,3,0
4,0.511519968509674,5,4,0
4,0.8400399684906,4,5,0
4,0.688880026340485,6,5,1
3,0.614226460456848,2,4,1
4,0.261489987373352,1,4,1
5,0.785520017147064,5,4,1
2,0.785520017147064,3,3,0
3,0.407070010900497,1,4,1
3,0.511519968509674,5.29663372039795,4,0
4,0.320780009031296,4,3,1
3,0.309140026569366,7,6,0
2,0.673849999904633,2,5,1
5,0.487359970808029,6,4,0
5,0.40527731180191,2,3.36195254325867,1
4,0.427269995212555,2,4.98395919799805,1
3,0.506111741065979,1,1,0
4,0.9941828250885,7,6,0
3,0.367390006780624,4,3.94492959976196,1
5,0.343410015106201,1,1,1
4,0.461620002985001,1,5.59125471115112,1
4,0.693720400333405,5,2,1
3,0.65021002292633,3,2,0
4,0.614226460456848,1,4,0
1,0.518409967422485,4,6,0
4,0.614226460456848,1,1.20307564735413,1
4,0.785520017147064,4,5,1
3,0.461620002985001,2,0.28610947728157,1
5,0.511519968509674,6,4,0
5,0.312420010566711,2,2,1
4,0.487359970808029,1,2.70826601982117,0
5,0.581430017948151,5,6,0
4,0.31362646818161,1,4,1
4,0.600469946861267,1,4,1
5,0.785520017147064,4,4,1
3,0.390350013971329,5,4,0
4,0.511519968509674,5,4,0
3,0.315829992294312,1,2.04467177391052,1
4,0.400240004062653,4,3,1
3,0.343410015106201,7,6,1
5,0.487359970808029,6,4,0
5,0.511519968509674,6,4,0
3,0.592509984970093,5,3.02027869224548,0
3,0.461620002985001,1,6,0
4,0.609759986400604,7,4,1
3,0.312420010566711,1,3,0
5,0.84213000535965,7,4,1
3,0.315829992294312,1,4.35743379592896,0
3,0.785520017147064,5,5,0
3,0.401980012655258,1,3,0
3,0.267989993095398,3,3,1
5,0.785520017147064,1,3.60445189476013,0
5,0.65021002292633,5,6,0
3,0.400240004062653,3,6,1
3,0.335929989814758,6,2.25497579574585,0
2,0.673849999904633,1,3,1
2,0.673849999904633,6,2,1
5,0.477019995450974,7,3.27503037452698,0
5,0.36285999417305,2,2,0
2,0.673849999904633,6,6,0
4,0.461620002985001,2,4,0
3,0.267989993095398,7,4,1
3,0.267989993095398,5,4,0
3,0.320780009031296,5,3.47834444046021,1
3,0.407070010900497,7,6.35996389389038,0
3,0.253658086061478,6,5.16273164749146,1
3,0.400240004062653,1,6,1
4,0.343410015106201,3,6,0
5,0.511519968509674,1,2,0
1,0.312420010566711,1,1,1
5,0.320780009031296,1,2,1
5,0.688880026340485,5,5,1
4,1.10091006755829,7,6,0
3,1.10091006755829,5,6,1
3,0.644749999046326,3,3,0
5,0.673849999904633,7,5,1
3,0.785520017147064,5,6,0
5,0.440597921609879,1,1,1
4,0.903599977493286,4,2,0
5,0.785520017147064,6,4.71176052093506,1
5,0.785520017147064,1,2.81097841262817,1
2,0.673849999904633,1,2,0
3,0.312420010566711,5,6,1
3,0.511519968509674,2,5,0
4,0.394959986209869,5,5,1
5,0.461620002985001,1,2.77986121177673,0
3,0.464700013399124,1,4.44518852233887,1
5,0.793409943580627,3,3,0
3,0.390350013971329,1,7,0
5,0.532429993152618,4,6,0
3,0.153151139616966,4,2,0
4,0.364969998598099,2,3,1
4,0.267989993095398,5,5,0
5,0.609759986400604,3,2.46803855895996,1
3,0.432603031396866,2,5,1
5,0.320780009031296,4,6,1
5,0.367390006780624,2,4.08954811096191,0
4,0.262208253145218,4,2.44665431976318,1
4,0.401980012655258,2,4,0
4,0.265219986438751,6,7,1
3,0.511519968509674,2,2,0
5,0.309140026569366,4.29108333587646,6.22799348831177,1
5,0.400240004062653,3,3.90212750434875,1
3,0.75151002407074,5,6,0
3,0.600469946861267,6,6,1
5,0.609759986400604,4,5,1
4,0.51561975479126,4,5,1
5,0.267989993095398,4,1.69133698940277,1
3,0.265219986438751,6,5.00843143463135,0
3,0.394959986209869,1,2,1
3,0.600469946861267,3,4,0
4,0.367390006780624,6,5,1
4,0.461620002985001,6,5.83501386642456,0
5,0.381099998950958,1,4,0
3,0.408399999141693,5,6,0
3,0.315829992294312,4,2,1
3,0.785520017147064,1,2,1
4,0.652140259742737,7,4,1
4,0.394959986209869,5,4.88559722900391,1
5,0.261489987373352,2,2.86733317375183,1
4,0.400240004062653,4,5,1
5,0.644749999046326,1,3,1
4,0.673849999904633,7,7,0
4,0.267989993095398,3,4,1
3,0.55454671382904,3,3.36538100242615,1
2,0.394959986209869,2,3.83691358566284,1
5,0.343410015106201,3,4,1
5,0.487359970808029,2,5.02059125900269,1
5,0.65021002292633,7,6,1
4,0.364969998598099,1,6,1
4,0.785520017147064,2,4.96794748306274,0
3,0.600469946861267,1,2,1
3,0.592509984970093,2,4,1
3,0.62978994846344,5,6,0
4,0.394959986209869,4,2.34945631027222,1
5,0.532429993152618,4,5,0
5,0.581430017948151,7,5,0
5,0.592509984970093,2,3,1
3,0.408399999141693,7,4,0
2,0.394959986209869,6,4,0
4,0.511519968509674,5,5,0
4,0.614226460456848,6,5,0
5,0.592509984970093,4,7,0
2,0.401980012655258,1,4.44860601425171,1
3,0.903599977493286,3,5,0
4,0.785520017147064,2,5,1
5,0.290273934602737,1,3.14786171913147,1
5,0.401980012655258,1,2,1
3,0.461620002985001,4,3.82639265060425,0
4,0.267989993095398,2,4,1
1,0.461620002985001,1,3.55814862251282,0
3,0.785520017147064,7,6,0
4,0.600469946861267,2,4,1
3,0.200736612081528,3,4,1
3,0.785520017147064,5,3.84228610992432,1
3,0.688880026340485,1,3,1
4,0.62978994846344,2,3,0
3,0.785520017147064,1,0.779948651790619,1
5,0.387620002031326,1,1,1
2,0.312420010566711,4,5.8676815032959,1
3,0.717095911502838,1,4,1
3,0.329634815454483,1,6,1
3,0.267989993095398,1,4.70997333526611,0
3,0.592509984970093,2,2.17622017860413,0
4,0.609759986400604,7,5,1
5,0.312420010566711,1,6,1
4,0.785520017147064,2,3,0
5,0.538463473320007,4,4,0
3,0.466820597648621,6,3,1
4,0.673849999904633,6,6,1
